GEOID,Total Workers in Management Business Science and Arts Occupations,Total Workers in Service Occupations,Workers in Sales and Office Occupations,Workers in Natural Resources Construction and Maintenance Occupations,Workers in Production Transportation and Material Moving Occupations,Workers in Military Specific Occupations,Agriculture Forestry Fishing and Hunting and Mining,Construction,Manufacturing,Wholesale Trade,Retail Trade,Transportation and Warehousing and Utilities,Information finance insurance real estate rental and leasing,Professional scientific management and administrative and waste management services,Educational services and health care and social assistance,Arts entertainment and recreation and accommodation and food services,Other services except public administration ,Public administration,Armed forces,CLASS OF WORKER Private wage and salary workers,CLASS OF WORKER Government workers,CLASS OF WORKER Self employed workers in own not incorporated business,CLASS OF WORKER Unpaid family workers,Workers who did not work from home,TIME OF DEPARTURE 12 00 a m  to 4 59 a m ,TIME OF DEPARTURE 5 00 a m  to 5 29 a m ,TIME OF DEPARTURE 5 30 a m  to 5 59 a m ,TIME OF DEPARTURE 6 00 a m  to 6 29 a m ,TIME OF DEPARTURE 6 30 a m  to 6 59 a m ,TIME OF DEPARTURE 7 00 a m  to 7 29 a m ,TIME OF DEPARTURE 7 30 a m  to 7 59 a m ,TIME OF DEPARTURE 8 00 a m  to 8 29 a m ,TIME OF DEPARTURE 8 30 a m  to 8 59 a m ,TIME OF DEPARTURE 9 00 a m  to 11 59 p m ,Commute to work Less than 10 minutes,Commute to work 10 to 14 minutes,Commute to work 15 to 19 minutes,Commute to work  20 to 24 minutes,Commute to work 25 to 29 minutes,Commute to work 30 to 34 minutes,Commute to work 35 to 44 minutes,Commute to work 45 to 59 minutes,Commute to work 60 or more minutes,No vehicle available,X1 vehicle available,X2 vehicles available,X3 or more vehicles available,Drove alone,Carpooled,Public transportation,Householder lived in owner occupied housing units,Householder lived in renter occupied housing units,RACE White,RACE Black or African American,RACE American Indian and Alaska Native,RACE Asian,RACE Native Hawaiian and Other Pacific Islander,RACE Some other race,RACE Hispanic or Latino origin  of any race ,EDUCATION Less than high school graduate,EDUCATION High school graduate  includes equivalency ,EDUCATION Some college or associate s degree,EDUCATION Bachelor s degree,EDUCATION Graduate or professional degree,INCOME  1 to  9 999 or loss,INCOME  10 000 to  14 999,INCOME  15 000 to  24 999,INCOME  25 000 to  34 999,INCOME  35 000 to  49 999,INCOME  50 000 to  64 999,INCOME  65 000 to  74 999,INCOME  75 000 or more,Median income  dollars ,Estimate  Total  POVERTY STATUS IN THE PAST 12 MONTHS  Population for whom poverty status is determined  Below 100 percent of the poverty level,Total population,Under 5 years,X5 to 9 years,X10 to 14 years,X15 to 19 years,X20 to 24 years,X25 to 29 years,X30 to 34 years,X35 to 39 years,X40 to 44 years,X45 to 49 years,X50 to 54 years,X55 to 59 years,X60 to 64 years,X65 to 69 years,X70 to 74 years,X75 to 79 years,X80 to 84 years,X85 years and over,Median age  years ,Sex ratio  males per 100 females ,Male Total population,Male Median age  years ,Female Total population,Female Median age  years ,STATION_DESCRIPTIVE_NAME,station_id,stationname,A,U,W,Community Area,Community Area Number,Hardship Index Score,Percent of Crowded Housing,Percent of Households With Income Below Poverty Level,Unemployment Rate for Population Age 16 and Over,Percent Aged 25 and over with no High School Diploma,Percent of Population Under Age 18 and Over Age 64,Per Capita Income
17031140701,29.4,37.1,11.4,5.9,16.3,0,0,4.8,10.1,1.4,6.2,2.4,9.7,16.8,23,18.5,5.6,1.5,0,73.7,6.5,19.6,0.2,1880,2.8,4.5,2.9,27.6,2.4,14,5.4,11.4,4.9,24,1.7,1,5.4,9.1,3.2,35.4,7,23.1,14,15.3,57.5,23.7,3.6,858,107,681,1145,1834,33.1,4,2.1,19.8,0,9.7,51.9,25.1,28.3,12.6,21.5,12.5,8.3,2,16.2,17.3,16.5,7.7,5.4,15.7,35319,6.4,2990,130,100,162,146,276,288,248,375,216,189,223,211,153,85,152,26,4,6,36.6,113.7,1591,35.5,1399,37.7,Kedzie (Brown Line),41180,Kedzie-Brown,951.5116279,725.2916667,1194.159624,Albany Park,14,44.8,6.4,12.6,6.6,19.3,31.7,32298
17031140701,29.4,37.1,11.4,5.9,16.3,0,0,4.8,10.1,1.4,6.2,2.4,9.7,16.8,23,18.5,5.6,1.5,0,73.7,6.5,19.6,0.2,1880,2.8,4.5,2.9,27.6,2.4,14,5.4,11.4,4.9,24,1.7,1,5.4,9.1,3.2,35.4,7,23.1,14,15.3,57.5,23.7,3.6,858,107,681,1145,1834,33.1,4,2.1,19.8,0,9.7,51.9,25.1,28.3,12.6,21.5,12.5,8.3,2,16.2,17.3,16.5,7.7,5.4,15.7,35319,6.4,2990,130,100,162,146,276,288,248,375,216,189,223,211,153,85,152,26,4,6,36.6,113.7,1591,35.5,1399,37.7,Kimball (Brown Line),41290,Kimball,1801.674419,1334.479167,2442.882629,Albany Park,14,44.8,6.4,12.6,6.6,19.3,31.7,32298
17031140800,52.3,10.6,23.2,6.7,7.3,0,0.8,9.1,6.8,1,12.9,5.8,14.1,20.5,17.8,7.3,3.5,0.3,0,89.7,3.6,6.7,0,2722,2,3.2,0.8,10.8,2,25.3,11.6,22.8,2.2,19.3,7,4.6,6.1,8.7,2.5,15.8,17.2,24.7,13.3,13.3,55.8,26.7,4.2,1085,259,1183,2480,3723,68,0.1,0,8.1,0,12.4,32.2,10.7,9.6,16.6,37.7,25.3,4.6,5.8,7.2,19.6,11,10.2,5.2,27.8,43594,10.4,6212,345,389,306,93,641,723,739,596,578,386,153,321,295,216,204,116,48,63,33.9,106.4,3202,30.6,3010,36,Francisco (Brown Line),40870,Francisco,581.9069767,392.5625,878.4647887,Albany Park,14,44.8,6.4,12.6,6.6,19.3,31.7,32298
17031620200,21.4,14.2,14.3,20.9,29.1,0,0,13.6,14.4,1.6,9.1,10.8,3.7,6.3,23.9,2.3,14.3,0,0,85,10.6,4.5,0,856,13.9,7.7,1.6,15.3,10,7.6,2.9,14.6,0,26.3,3.3,2.9,10.9,24.6,6.9,15,12.1,10.6,13.7,1.6,25,34.6,38.8,634,95,108,1306,642,57.9,0,0,2.1,0,19.8,65.3,24.8,31.3,25.5,14.4,4,5,7.5,11.9,20.9,17.2,5.4,4.6,11.4,33634,5.9,1948,172,64,145,86,144,148,137,85,111,89,211,101,65,147,74,114,10,45,37.8,87.7,910,44.7,1038,34.8,Pulaski (Orange Line),40960,Pulaski-Orange,1477.930233,1109.104167,3050.192488,Archer Heights,57,62.9,11,10.2,8.5,29.3,40.3,21399
17031340500,48.1,16.2,20.3,7,8.4,0,0,5.5,11.3,1.3,15,2.8,12.7,9.3,28.3,12,0,2,0,88.7,10.3,1,0,627,1.8,2.9,2.7,6.2,8.6,4.5,12.6,18.2,5.4,37.2,12,21.2,20.6,3.5,7.2,13.6,8.5,4.9,8.6,18,39.9,31.6,10.4,445,37,75,624,934,51,6,0,35.9,0,2.8,8.5,18.7,30.3,12.9,21.4,16.7,18,11.5,6.8,7.1,7.1,12.8,2.5,24,40389,34.7,1558,19,28,36,1,153,128,169,61,84,45,49,66,70,78,240,151,114,66,55.3,83.7,710,45.9,848,65.8,Sox-35th (Red Line),40190,Sox-35th-Dan Ryan,2036.418605,1574.5,2138.178404,Armour Square,34,62.9,5.7,28.3,7.1,33.6,42.7,24823
17031841100,40.1,30.7,15.3,2.7,11.3,0,0,1,5.3,0.9,4.9,5,9.4,14.8,23.4,26.6,6.3,2.6,0,84,13.7,1.4,0.8,2872,5.3,3.1,0,2.4,4.7,9.4,16.2,6.9,10.1,41.9,7.8,10.1,13.7,14.1,8.9,14.2,12.5,10.3,8.4,16.9,42.1,29.1,11.9,1248,594,648,3004,3914,10.9,3.5,1.4,81,0,1.3,1.3,40.1,19.5,12.7,16.6,11.1,20.2,8.3,16.9,6.6,12.4,9.5,1.4,14.7,24799,12.9,6990,302,245,511,268,350,272,472,257,464,627,674,466,529,240,254,264,159,636,47.1,78.8,3081,44.1,3909,52.3,Cermak-Chinatown (Red Line),41000,Cermak-Chinatown,3618.186047,2952.770833,2581.262911,Armour Square,34,62.9,5.7,28.3,7.1,33.6,42.7,24823
17031251400,31.8,36.6,21.5,0,10.2,0,0,1.9,6.4,1.3,9.6,6.1,15,9.2,26.9,6.6,4.9,12,0,75,20.8,4.2,0,1425,7.3,5,0.6,9.3,3.4,14.4,8.4,7.8,21.1,22.7,10.5,5,2.5,1.5,6.8,29.3,12.9,16.8,14.7,12.2,58.9,22.8,6.1,882,159,384,1348,2269,14.4,84.4,0,0,0,0.5,4.5,9,48.6,26.7,9.4,6.2,10.9,18.1,23.6,4.7,16.9,5.6,2.5,7.5,22254,23.5,3712,113,201,247,42,201,218,334,173,131,116,206,281,406,304,342,230,153,14,50.7,72.3,1557,52.5,2155,48.6,Austin (Green Line),41260,Austin-Lake,597.5813953,450,997.5305164,Austin,25,56.1,4.2,27.1,13.4,18.1,39.4,21385
17031251400,31.8,36.6,21.5,0,10.2,0,0,1.9,6.4,1.3,9.6,6.1,15,9.2,26.9,6.6,4.9,12,0,75,20.8,4.2,0,1425,7.3,5,0.6,9.3,3.4,14.4,8.4,7.8,21.1,22.7,10.5,5,2.5,1.5,6.8,29.3,12.9,16.8,14.7,12.2,58.9,22.8,6.1,882,159,384,1348,2269,14.4,84.4,0,0,0,0.5,4.5,9,48.6,26.7,9.4,6.2,10.9,18.1,23.6,4.7,16.9,5.6,2.5,7.5,22254,23.5,3712,113,201,247,42,201,218,334,173,131,116,206,281,406,304,342,230,153,14,50.7,72.3,1557,52.5,2155,48.6,Central (Green Line),40280,Central-Lake,774.627907,601.4791667,1151.474178,Austin,25,56.1,4.2,27.1,13.4,18.1,39.4,21385
17031251800,11.2,23.2,19.1,1.2,45.2,0,0,3.3,18.2,2.4,16.7,10.7,2.4,15.5,26.1,2.1,0,2.7,0,86.9,9.7,3.3,0,1680,2.6,5.8,3.9,7.1,13.2,5.7,4.2,4.4,8.8,44.3,4,2.5,4.6,5,4.1,21.9,7.5,8.5,41.9,26.8,42.7,22.8,7.7,719,231,697,1070,4245,0.2,91.9,0,0,0,5.9,6,15.4,48.1,27.6,3.8,5.1,16.8,11.2,17.7,10.3,9.8,3.8,0.3,1.9,19685,47,5399,630,261,479,460,283,373,487,405,377,451,248,261,215,179,79,34,12,165,31.9,107.3,2794,32.2,2605,31.4,Cicero (Green Line),40480,Cicero-Lake,458.3255814,356.5208333,649.1830986,Austin,25,56.1,4.2,27.1,13.4,18.1,39.4,21385
17031251800,11.2,23.2,19.1,1.2,45.2,0,0,3.3,18.2,2.4,16.7,10.7,2.4,15.5,26.1,2.1,0,2.7,0,86.9,9.7,3.3,0,1680,2.6,5.8,3.9,7.1,13.2,5.7,4.2,4.4,8.8,44.3,4,2.5,4.6,5,4.1,21.9,7.5,8.5,41.9,26.8,42.7,22.8,7.7,719,231,697,1070,4245,0.2,91.9,0,0,0,5.9,6,15.4,48.1,27.6,3.8,5.1,16.8,11.2,17.7,10.3,9.8,3.8,0.3,1.9,19685,47,5399,630,261,479,460,283,373,487,405,377,451,248,261,215,179,79,34,12,165,31.9,107.3,2794,32.2,2605,31.4,Laramie (Green Line),40700,Laramie,382.1627907,301.625,655.2065728,Austin,25,56.1,4.2,27.1,13.4,18.1,39.4,21385
17031831400,29.6,28.8,8.9,7.3,25.4,0,0,0,5.9,2.3,4.1,23.1,6.3,19.1,25.5,5.4,5.7,2.6,0,71.5,18.7,9.8,0,796,5.2,4.5,1.4,10.1,8,13.8,6.7,10.9,11.4,28,7.8,6.9,11.3,6.3,0.6,29,7.3,17,13.8,7.2,51.6,32.7,8.5,537,0,233,1577,1104,22.8,50.8,0,8.4,0.3,9.3,26.3,18,32.4,30,14.1,5.5,12.1,9.2,16.9,8.7,5.7,10.9,2.5,5,23125,27.5,2962,277,148,96,199,142,89,197,207,469,162,198,150,258,70,156,81,33,30,41.3,139.5,1725,40.2,1237,43,Cicero (Blue Line),40970,Cicero-Forest Park,373.8604651,299.4375,557.42723,Austin,25,56.1,4.2,27.1,13.4,18.1,39.4,21385
17031210601,52.6,13.9,20.2,3.7,9.6,0,0,2.6,6.8,5.7,7.6,4.8,17.3,10.2,20.5,17.5,6.3,0.6,0,89.2,8.1,2.7,0,1554,4.6,3.3,0.8,5.4,2.3,22.1,13.4,10.3,5.8,32,2.3,4.2,3.5,5.7,7.4,18.1,20.3,25.4,13.1,12,51.2,24.4,12.4,753,89,662,1409,1395,43.6,1.9,1.2,16.6,0,25.8,40.5,15.2,15.2,14.7,37.8,17.1,10,3.2,13,10.3,13.3,8.6,3.8,28.3,45643,9.6,2818,58,113,188,91,177,318,250,257,220,199,148,275,289,132,1,76,15,11,39.5,89,1327,42.4,1491,36.2,Belmont (Blue Line),40060,Belmont-O'Hare,1531.232558,1171.375,2943.877934,Avondale,21,34.1,2.7,12.1,5,15.7,28.4,35760
17031840200,30.9,22.6,23,5.4,17.4,0.7,0,5.5,3.1,4.8,9.8,5.8,2.8,23,9.1,30.9,3.3,1.1,0.7,89.8,5.2,3.7,1.3,802,5.7,1,6.7,6.7,8,14,2.9,7.7,4.4,42.9,2.6,12.5,8.1,24.6,3,15.6,1.4,21.1,11.2,8,37.2,52.7,2.1,363,197,206,1282,894,24,0.4,0,60.7,0,14.3,18.5,33.8,19.9,25.8,12.6,7.9,19.9,9.4,10.3,8.5,10.1,6.9,2.2,9.5,24083,29,2198,53,137,205,130,93,160,145,144,139,123,106,106,186,243,102,69,39,18,41.4,80.9,983,41.3,1215,41.5,Halsted (Orange Line),41130,Halsted-Orange,855.4651163,666.6666667,1578.201878,Bridgeport,60,41.1,3.2,14,6.8,19.1,32.8,31693
17031630300,14.9,29.1,6.5,9.3,40.2,0,0,9.3,30.5,0,7.5,10.5,1.7,13.3,17.9,5.1,0,4.1,0,81.4,10.7,7.9,0,1493,24.4,13.4,3,8.6,0,14.5,0,9,0,27.1,2.1,3.8,6.3,24,4.8,23.2,3.1,27.5,5.2,1.7,21.4,25.1,51.7,999,296,198,3094,1031,38.9,1.8,0,1.6,0,46.9,92.6,37.3,35.9,16,8.7,2.1,11.1,7,17.7,9.6,13.9,7.9,2.7,6,26875,8.1,4167,225,0,381,230,245,255,218,358,321,199,358,445,186,161,142,170,82,191,42.9,102.4,2108,44.4,2059,41.5,Kedzie (Orange Line),41150,Kedzie-Midway,1233.906977,894.0208333,2215.488263,Brighton Park,58,65.5,9.2,18.8,10.7,34,37.5,18313
17031630600,17.2,29,21.2,12.1,20.6,0,0,5.3,19.1,0,8.8,2.5,8.3,6.3,30.5,13,6.3,0,0,84.8,12.7,2.5,0,1071,9.2,9,7.3,12.8,0,10.6,12.7,16.8,0,21.6,0.8,14.8,5.5,8.7,4.2,10.6,19.9,16,19.4,11,34.6,31,23.4,596,151,251,1549,1197,35.5,5.8,0,2,0,36.7,87.4,25.1,36.8,28.2,6.8,3.1,10.3,10,15.4,13.4,16.8,7.6,1.9,5.1,27461,22.7,2746,204,215,252,106,234,187,353,162,112,134,171,176,83,83,106,131,0,37,31.2,96.4,1348,31.5,1398,30.9,Western (Orange Line),40310,Western-Orange,1295.651163,988.6875,2327.633803,Brighton Park,58,65.5,9.2,18.8,10.7,34,37.5,18313
17031842400,35.8,21.8,26.4,7.5,5.5,3,0,6.9,6.4,0,10.4,9,5.3,11.3,25.4,10.6,6.4,5.3,3,71.2,27.8,1,0,1233,8.4,15.2,2.7,4.4,0,5.1,21,4.5,3.9,34.9,1.8,8.1,13.4,8.6,10.9,28.3,2.6,9.1,17.3,13.9,39.8,30.5,15.7,693,19,410,2197,957,1.2,94,0,2.4,0,1,2.3,9.7,17.3,37.7,26.6,8.8,11.5,6.7,13.4,14.8,12.2,0.9,7.7,20.6,32500,13,3207,92,227,102,155,199,257,107,210,251,0,241,209,279,409,59,97,78,235,50,66.4,1280,42.8,1927,51.3,87th (Red Line),41430,87th,1253.046512,1003.791667,1708.408451,Chatham,44,49.2,1.7,25.6,16.7,11.8,37.7,25788
17031842000,57,17.1,18.4,1,6.6,0,0,0.8,2.2,2.3,5.6,4.6,11.2,19,38.5,10.5,1.5,3.7,0,79.9,18.4,1.6,0,634,0.9,5.4,1.4,5,4.3,14.8,6.5,18.1,3.3,40.2,32.3,13.9,5.5,11.8,0.6,17.5,6.9,2.8,8.5,9,54.2,28.8,8,224,57,116,524,284,35.8,38.8,0.1,20.7,0,0.8,8.3,18.3,22.8,22.9,20.6,15.4,36.5,6.7,5.1,1.6,4.1,2.3,1.3,9.7,8250,23.9,2794,132,29,13,618,650,165,71,57,35,72,110,194,114,189,88,56,63,138,24.3,138.8,1624,23,1170,32.2,35th-Bronzeville-IIT (Green Line),41120,35-Bronzeville-IIT,671.372093,521.9583333,944.9389671,Douglas,35,48.3,3.1,31.9,13.8,11.1,32.3,28547
17031271300,29.6,25.9,21.3,1.2,22,0,0,0,3.2,0,7.6,19.9,0,9,41,12.5,1.4,5.3,0,63,37,0,0,416,3.8,10.3,4.6,9.4,4.3,12,12.3,18.5,2.2,22.6,7.9,7,6.3,20.7,2.6,24.8,4.6,17.5,8.7,11.3,70.8,8.1,9.7,282,4,65,358,606,1.1,88.6,0,0.3,0,3.1,3.5,18.2,29.7,35.7,10.8,5.5,17.9,11.9,21,8.3,5.4,6.2,2.9,3.9,20500,37.9,964,0,56,69,106,151,40,8,111,43,67,42,23,93,45,29,9,44,28,36.9,42,285,27.6,679,38.1,Kedzie-Homan (Blue Line),40250,Kedzie-Homan-Forest Park,495.8139535,415.6458333,733.4037559,East Garfield Park,27,65.8,3.8,42.8,19,20.8,38.4,16139
17031836800,22.7,25.4,36.6,2.4,13,0,0,0,3.9,0,23.3,19.3,18.5,3.4,10.8,11.6,4.7,4.5,0,84.6,12.7,2.7,0,906,2.5,0,3.6,27.2,2.6,10.6,4.5,13.4,6.3,29.2,2.8,4.3,10.4,8.4,11.4,16.6,37.9,3,5.4,10.3,57.8,11.6,20.3,210,431,116,539,2068,3.7,95.2,0.3,0,0,0,0.8,35.4,27.6,25.6,8.4,3.1,26.4,19.2,15.1,6.1,4.4,1.6,3.3,2.7,12357,63.9,2635,263,107,155,177,417,170,141,209,142,74,213,252,122,61,56,21,24,31,30.8,74.4,1124,27.2,1511,36.3,Conservatory (Green Line),41670,Conservatory,537.0465116,453.8333333,565.2676056,East Garfield Park,27,65.8,3.8,42.8,19,20.8,38.4,16139
17031837100,50.9,20.4,23.4,3,2.4,0,0,2.5,0,0,17.2,0,17.5,11.7,35.4,6.2,0,9.5,0,70.6,24.2,5.2,0,542,4.1,1.3,14.9,5.4,4.2,24.9,10.5,6.3,3.1,25.3,16.6,0,14.9,21.2,8.9,16.8,7.4,9.4,4.8,5.1,55.7,22.9,16.3,328,61,114,690,773,32.8,49.3,0.7,0.3,0,6.6,31.7,16.6,21,33.6,23.1,5.7,15,14,17.3,3,13.5,9.5,3.5,16.5,0,23.6,1515,79,61,78,138,137,121,114,64,71,223,102,40,20,71,64,18,88,26,38.9,59.8,567,39.6,948,38.7,California (Green Line),41360,California-Lake,361.2093023,281.625,677.741784,East Garfield Park,27,65.8,3.8,42.8,19,20.8,38.4,16139
17031837100,50.9,20.4,23.4,3,2.4,0,0,2.5,0,0,17.2,0,17.5,11.7,35.4,6.2,0,9.5,0,70.6,24.2,5.2,0,542,4.1,1.3,14.9,5.4,4.2,24.9,10.5,6.3,3.1,25.3,16.6,0,14.9,21.2,8.9,16.8,7.4,9.4,4.8,5.1,55.7,22.9,16.3,328,61,114,690,773,32.8,49.3,0.7,0.3,0,6.6,31.7,16.6,21,33.6,23.1,5.7,15,14,17.3,3,13.5,9.5,3.5,16.5,0,23.6,1515,79,61,78,138,137,121,114,64,71,223,102,40,20,71,64,18,88,26,38.9,59.8,567,39.6,948,38.7,Kedzie (Green Line),41070,Kedzie-Lake,451.0465116,352.5208333,734.0704225,East Garfield Park,27,65.8,3.8,42.8,19,20.8,38.4,16139
17031030101,41.8,11.2,21,5.2,20.8,0,0,1.1,12.6,3.4,7.2,9.5,8.5,17.8,26.4,4.7,5.6,3.2,0,84.3,8.3,7.3,0,1416,11.5,3.2,0,5.9,6.6,20.1,5.9,7.6,4.7,34.4,3.2,1.2,15.3,8.9,5.7,8.1,10.5,27.8,19.4,41.6,53.5,3.6,1.3,408,127,750,1024,2436,40,25.9,0.1,21.6,0,4.9,10.1,6.6,19.4,33.6,26.6,13.9,8.7,9.7,16.4,9.3,11.8,10.6,4.2,17.1,34794,20.5,3517,154,186,101,59,151,506,444,216,157,244,128,272,136,106,227,242,53,135,39.3,87,1636,39.9,1881,38.4,Thorndale (Red Line),40880,Thorndale,1258.302326,943.4583333,1605.093897,Edgewater,77,32.6,4.2,15.1,5.5,9.2,26.1,42486
17031030102,47.2,13.3,24.8,2,12.7,0,0,3.4,3.6,2.8,17.8,2.7,9.3,16.3,27.9,9,5.7,1.4,0,86.5,8.6,4.9,0,1482,9.5,0,3.8,7.3,7.2,9.1,6.1,12,4.3,40.6,4.5,5.3,2.7,15.7,5.3,17.7,15,23.6,10.1,34.8,57.9,6.5,0.9,457,252,609,1357,1648,40.5,15.1,0.3,35.8,0,1.5,12.1,15.4,11.8,19.5,29.8,23.6,19.6,11.2,7,4.7,16.4,9.4,5.9,16.8,37213,26.3,3052,12,22,81,202,279,220,328,140,218,267,264,165,196,179,84,328,19,48,45.1,88.7,1435,50.1,1617,42.4,Granville (Red Line),40760,Granville,1836.511628,1287.541667,2070.042254,Edgewater,77,32.6,4.2,15.1,5.5,9.2,26.1,42486
17031030701,56,21.9,12,0.6,8.4,1,0,0,2.4,0.7,13.5,4.3,17.3,14.6,24.5,11.8,6.6,3.2,1,84.8,8.6,6.7,0,676,3.4,4,0.9,6.4,0.7,11.2,10.5,17.6,6.2,39.1,7.8,2.1,4.3,2.5,3.8,28.8,14.5,23.7,12.4,39.9,50.7,9.4,0,241,26,360,259,1046,50.2,36.1,0,8.5,0,2.2,12.2,5.3,16.7,31.3,29.8,17,14.1,8.9,11.1,11.4,7.9,11.7,4.3,19.7,34375,26.2,1509,104,34,12,43,110,152,190,165,112,67,129,100,85,92,57,11,29,17,38.5,158.4,925,39.4,584,35.5,Bryn Mawr (Red Line),41380,Bryn Mawr,1674.232558,1278.625,1998.605634,Edgewater,77,32.6,4.2,15.1,5.5,9.2,26.1,42486
17031030703,59.9,11.6,18.8,4,5.6,0,2.1,1.7,5.4,1.3,6.4,5.8,8.6,25.7,24.7,13.9,3.9,0.4,0,91.1,3.3,5.6,0,1372,0,6.4,2.6,10.9,9.6,15.8,18.4,15.5,4.4,16.3,5.5,2.8,11.2,10.3,2.7,12.7,15.2,27.8,11.9,32.2,40.6,13.3,13.9,457,12,766,934,2130,58.2,16.4,0,8.8,0,2.4,17.7,7.8,15.1,17.7,32.9,26.6,13.5,12.7,13.3,10.7,9.3,6.2,5.2,23.5,33066,25.1,3093,45,35,38,27,337,475,221,251,275,122,101,158,107,196,138,139,141,287,42.4,96,1515,42.8,1578,38.8,Berwyn (Red Line),40340,Berwyn,0,0,0,Edgewater,77,32.6,4.2,15.1,5.5,9.2,26.1,42486
17031680900,29.9,40.4,18.7,0,11.1,0,0,0,5,0,8.3,12.3,7.2,0,47.9,16.9,0,2.5,0,81.3,17.2,1.5,0,902,4.5,7.1,12.6,11,1.7,7.8,5.1,5.9,2.7,41.7,18.1,6,20,1.2,3.8,18.4,10.9,4.2,17.5,21.9,55.9,17.1,5,464,195,190,591,2924,2,91.7,0,2.5,0,0,0.9,26,29.7,32.2,10.2,1.9,18.1,16.3,11.4,9.2,9.7,3,1.6,8.3,20000,36.3,3560,173,163,224,175,18,580,148,231,174,190,202,256,416,126,125,109,74,176,41.2,115.5,1908,38.8,1652,48.7,Halsted (Green Line),40940,Halsted/63rd,174.7209302,123.8333333,263.9577465,Englewood,68,68.2,1.4,39.7,24.9,23.7,42.7,15034
17031834600,39.8,23.7,13.7,9.6,13.2,0,0,2.6,5.4,0,10.9,8.6,7.5,2.9,47.5,4.9,3.8,5.9,0,70.1,27.1,2.8,0,520,10.2,4,18.8,8.5,0,4.8,0,12.9,2.3,38.5,4,22.5,19.4,11.9,1.7,11.5,1.2,13.5,14.2,22.9,29.1,14.3,33.7,384,45,70,448,1336,4.3,93.3,0,0,0,1.5,12.5,24.7,34.6,35.8,3.8,1.1,19.5,22.2,10.6,11.4,6.7,1.2,1.4,12.8,17102,39.8,1825,79,82,143,109,78,103,107,17,77,166,128,192,200,96,131,65,32,20,47.5,89.1,860,51.7,965,43.7,63rd (Red Line),40910,63rd-Dan Ryan,878.3023256,802.0208333,1207.995305,Englewood,68,68.2,1.4,39.7,24.9,23.7,42.7,15034
17031835500,33.9,31.2,17.3,4.4,13.2,0,0,8.8,0,0,13.6,7.1,9.8,19.7,21.7,6.1,9.8,3.4,0,82,18,0,0,275,5.1,6.9,2.2,7.3,6.9,15.6,10.5,12.7,3.3,29.5,8,7.3,13.8,2.5,1.8,24.4,10.5,2.9,28.7,18.4,41.5,35,5.1,131,66,78,238,1132,5,83.6,0.5,0,0,1.4,12.9,19.3,29.2,38.2,10.7,2.6,26.5,20.3,11.6,11.9,1.6,3.1,0.7,6.5,13193,47.5,1393,66,74,95,184,66,40,29,80,106,23,55,60,158,193,123,26,15,0,44.2,125.8,776,40,617,44.6,47th (Red Line),41230,47th-Dan Ryan,960.8837209,778.25,1342.131455,Fuller Park,37,75.1,1.3,51.9,25.1,23.8,47.2,13982
17031835600,41.5,18.9,22.6,17,0,0,0,17,0,0,22.6,0,0,0,60.4,0,0,0,0,39.6,60.4,0,0,106,25.5,0,0,23.6,0,22.6,0,0,0,28.3,0,0,25.5,34.9,0,17,0,0,22.6,16,18.9,48.1,17,62,27,0,93,624,5.5,93.1,0,0.1,0,0,5.5,34.1,40.3,23.7,0,1.9,26.8,27.5,14.5,5.5,4.6,1.5,0,1.2,11691,61.9,749,32,16,44,51,31,111,0,17,42,0,31,27,62,107,102,15,51,10,54,47.4,241,65.4,508,51.6,Garfield (Red Line),41170,Garfield-Dan Ryan,1098.488372,806.7291667,1505.948357,Fuller Park,37,75.1,1.3,51.9,25.1,23.8,47.2,13982
17031980100,0,0,0,0,0,0,0,0,0,0,0,0,0,0,0,0,0,0,0,0,0,0,0,0,0,0,0,0,0,0,0,0,0,0,0,0,0,0,0,0,0,0,0,0,0,0,0,0,0,0,0,0,0,0,0,0,0,0,0,0,0,0,0,0,0,0,0,0,0,0,0,0,0,0,0,0,0,0,0,0,0,0,0,0,0,0,0,0,0,0,0,0,0,0,0,0,0,0,0,Midway (Orange Line),40930,Midway Airport,2721.604651,2317.770833,4965.286385,Garfield Ridge,56,41.9,3.2,8.4,7.7,17.3,38.8,32788
17031380600,43.1,20.9,19.6,0.8,15.7,0,0,1.7,2.5,0,3.8,12.3,12.7,10.6,37.4,8.5,2.3,8.3,0,75.1,20.4,4.4,0,1402,4.3,5.5,0,17.8,2.6,19.6,6.3,11.3,5,27.6,4.5,1.6,9.9,11.9,0,24.6,19.3,4.2,24,16.1,47.6,25,11.3,700,64,600,980,2963,11.2,84,0,2.3,0,0.9,3.3,12.5,30,24.2,24.3,9,18.6,17.7,8.2,9.5,5.6,9.2,2.7,14.8,19637,37.7,4025,256,303,232,235,378,264,346,386,186,296,159,171,131,222,161,88,87,124,35,77.3,1755,33.8,2270,36.5,Indiana (Green Line),40300,Indiana,222.8837209,169.5833333,335.0140845,Grand Boulevard,38,46.4,1.6,26.9,13.7,12.1,36.1,29808
17031381400,39.3,26.1,24,2,8.7,0,0,2,3.7,0,17,3.2,12.3,8.5,30,12,3.8,7.7,0,72.4,22.1,5.5,0,542,3.9,7,1.7,15.7,10.1,10.1,5.5,18.5,17,10.5,8.5,12.4,5,11.4,2,30.8,0,15.1,14.8,18.6,47.9,29.3,4.2,416,0,126,275,1333,1.4,84.1,0,3.9,0,0,9,20.1,34.9,22,14.3,8.7,14.1,5.9,14,11,12.6,8.7,1.2,8.4,27594,29,1615,76,108,65,237,73,68,122,75,155,185,94,103,135,40,33,24,13,9,39.3,97.9,799,34.4,816,43.7,47th (Green Line),41080,47th-South Elevated,363.4883721,276.3958333,535.5915493,Grand Boulevard,38,46.4,1.6,26.9,13.7,12.1,36.1,29808
17031381800,27.7,36.6,27.3,2.2,6.1,0,0,2.1,4.2,0,11.4,7.6,5,15,39.4,7.1,0.3,8,0,88.8,11.2,0,0,615,1.3,0,4.2,30.6,5,0,17.4,2.6,4.7,34.1,2,1.1,10.4,6.8,7.3,45.7,15.1,3.3,8.3,3.9,50.4,16.9,28.8,474,29,73,477,900,6,86.4,0,1.4,0,0.6,2.4,7.2,12.9,42.7,20.4,16.7,8.1,8.3,10,7.9,17.4,5.5,2.1,19.8,38040,19.9,1483,86,79,52,112,72,83,207,105,93,153,80,182,33,86,23,17,18,2,38.5,64.8,583,37.2,900,42.4,51st (Green Line),40130,51st,356.6046512,270.1458333,479.0375587,Grand Boulevard,38,46.4,1.6,26.9,13.7,12.1,36.1,29808
17031835800,42.6,24.1,23,5.4,4.9,0,0,1.1,4,0,1.6,15.1,6.1,8.6,41.5,10.6,10.4,1.1,0,73.4,21.4,4.2,1.1,782,13.4,2.6,1,3.8,5.5,4.9,16.1,10.2,13.2,29.3,0,1.3,21.1,5.6,8.3,10.1,21.1,16.1,16.4,31.3,38.2,27.9,2.6,411,17,325,740,1112,0,88.7,0,0,0,9.3,9.6,3.9,27.7,26.6,25.6,16.3,8.6,10.6,7.8,13.5,7,12,2.5,27.1,38816,17.7,1852,68,129,165,62,211,307,110,178,86,195,101,91,16,72,30,19,0,12,29.8,66.1,737,31.6,1115,29.4,43rd (Green Line),41270,43rd,308.3023256,238.125,507.6901408,Grand Boulevard,38,46.4,1.6,26.9,13.7,12.1,36.1,29808
17031690300,29.6,24.2,21,0,25.2,0,0,3.9,4.1,0.5,14.1,8.2,6.4,17.7,28.8,6.8,0,9.5,0,75.1,14.7,10.1,0,912,12.5,0,8.9,5.5,0,19,0,20.6,2.6,30.9,0,4.3,18.1,22.5,0,17.2,1.5,5.5,30.9,12.8,43.9,1.4,41.9,501,123,288,813,1076,3.9,95,0.4,0,0,0.3,1.4,14.1,43.5,25.7,9.3,7.3,28,8.3,11.2,5.9,20.9,4.8,1.9,6.1,21806,26,2303,15,159,138,107,249,205,65,111,110,138,217,150,187,206,92,42,49,63,44.8,128.2,1294,38.9,1009,49.1,69th (Red Line),40990,69th,1566,1212.645833,2084.356808,Greater Grand Crossing,69,57.1,1.8,33.1,19.8,13.5,40.4,19735
17031842400,35.8,21.8,26.4,7.5,5.5,3,0,6.9,6.4,0,10.4,9,5.3,11.3,25.4,10.6,6.4,5.3,3,71.2,27.8,1,0,1233,8.4,15.2,2.7,4.4,0,5.1,21,4.5,3.9,34.9,1.8,8.1,13.4,8.6,10.9,28.3,2.6,9.1,17.3,13.9,39.8,30.5,15.7,693,19,410,2197,957,1.2,94,0,2.4,0,1,2.3,9.7,17.3,37.7,26.6,8.8,11.5,6.7,13.4,14.8,12.2,0.9,7.7,20.6,32500,13,3207,92,227,102,155,199,257,107,210,251,0,241,209,279,409,59,97,78,235,50,66.4,1280,42.8,1927,51.3,79th (Red Line),40240,79th,2125.860465,1808.395833,2848.286385,Greater Grand Crossing,69,57.1,1.8,33.1,19.8,13.5,40.4,19735
17031160100,53.9,9.6,20.9,3.9,11.8,0,0,6.8,5.5,1,11.1,9.7,10.9,18.1,18.6,11,6.5,0.7,0,82,9.7,8.3,0,1094,8.8,5.4,7.3,4.7,9.9,25,9.3,7.1,2.1,20.5,5,2,6.6,11.2,9.1,16.5,12.4,18.7,18.5,4.4,35.8,38.9,20.9,672,150,257,1792,914,60.6,0,0.3,19.3,0,2.9,23.7,10.5,16.5,21.3,33.4,18.4,11.6,6,9.3,9.3,11.4,5.4,4.1,29.2,44138,5.2,2757,218,189,70,233,140,155,221,214,238,76,193,193,132,135,117,149,56,28,39.1,88.2,1292,40.8,1465,37.6,Montrose (Blue Line),41330,Montrose-O'Hare,760.4418605,585.8333333,1333.032864,Irving Park,16,32.9,2.3,8.4,5.9,13.6,31.5,38888
17031160900,51.6,7.1,30,6.1,5.1,0,3.4,2.5,4.6,1.7,9.6,8.1,13.1,28.1,17.1,6.8,4.5,0.6,0,81.2,9.6,9.2,0,995,4.3,2.4,8.8,10.6,5,9.8,18.2,16.7,7.2,16.9,0,2.4,2.5,6.1,10.9,24.8,14.3,25,14,4.9,40.4,47,7.6,535,37,413,1591,804,65,3.1,0,12,0,6.4,21.7,2.8,11.2,20.8,40.8,24.4,4.6,6.6,5.2,10.8,8,8.8,7.4,38.6,67813,3.1,2420,129,100,160,67,119,161,247,299,195,194,110,193,171,97,88,42,42,6,38.9,103.5,1231,41.5,1189,36.9,Addison (Blue Line),41240,Addison-O'Hare,844.3953488,627.375,1548.244131,Irving Park,16,32.9,2.3,8.4,5.9,13.6,31.5,38888
17031161000,60,10.1,15.9,2.9,11.1,0,0,1.1,7.2,2.9,5.1,3.2,15,18.9,28.7,11.7,3.4,2.9,0,83.4,12.6,2.8,1.1,920,5.4,5.7,0,8.5,15.4,9.6,19.6,15.8,6,14.1,6.1,2.7,9.1,13.6,7,20.5,16,17.4,7.6,4.4,55.1,23.6,17,571,107,201,1058,882,78.7,1.8,0,7.1,0,8.8,22.2,4.4,13.5,18.7,37.5,25.8,8.8,1,8.9,8.6,10.8,12.9,7.3,34,59592,11.9,1986,160,135,131,47,72,148,188,201,322,104,123,84,92,50,61,22,11,35,37.3,93.6,960,36,1026,38,Irving Park (Blue Line),40550,Irving Park-O'Hare,1368.325581,1052.0625,2249.896714,Irving Park,16,32.9,2.3,8.4,5.9,13.6,31.5,38888
17031110502,42.7,20,23.9,5.7,7.8,0,0,5.9,7.1,4.8,8.7,6.4,4.3,25,17.4,13.6,4.2,2.7,0,79.2,10.2,10.6,0,1428,1.4,4.7,6.3,6.9,5.2,11.3,13,17.7,5.9,27.5,6.2,6.1,8.2,10.9,6.1,12,14.8,22.2,13.7,5.8,39.3,42,12.8,1023,54,307,2218,1274,63.2,3.5,0.2,13.4,0,9,21.3,9.2,28.2,15.9,29,17.6,9,5,14.3,10.6,12.3,10.2,4.4,22.6,41304,10.4,3533,209,283,208,99,172,150,410,325,388,256,64,163,243,156,142,38,50,177,39.1,104.9,1809,37.3,1724,41.2,Jefferson Park (Blue Line),41280,Jefferson Park,2367.674419,1850.458333,3910.347418,Jefferson Park,11,31.9,2.3,7.3,4.4,7.4,35.9,35584
17031061000,78.2,3.1,18,0,0.6,0,0.6,0.5,3.2,10.2,6.3,0.3,11.3,32.6,24.2,8.6,1.3,1.1,0,87,6.8,6.2,0,1224,1,0,0,9.6,10.2,12.2,15.7,22.4,14.9,14.1,4.3,3.3,1.4,10.3,7.8,17.8,18.7,20.3,16.1,26,47.4,14.3,12.4,497,40,555,694,1609,74.6,2.1,0,17,0,3.3,9.7,7.7,3.5,10.2,51.8,26.7,13.4,4.4,5.6,9.1,12,6.3,3.4,43.2,56179,15.3,2324,97,30,39,12,448,464,450,173,173,52,84,106,89,32,35,10,30,0,30.4,152.6,1404,30.5,920,29.8,Addison (Red Line),41420,Addison-North Main,6424.534884,5109.041667,5162.624413,Lakeview,6,13.5,1.8,8.9,3.5,1.8,20.6,74366
17031061500,69.5,6.3,18,2.2,4,0,0,2.6,3.8,2.7,4,4.9,17.6,34.6,19.9,6,2.3,1.5,0,88.3,8.1,3.5,0.1,1174,2.8,2.2,6.6,1.6,7.6,25.3,12.5,25.4,7.8,8.2,4.9,7.5,4.9,3.2,3.1,25,25.5,14.1,11.8,17.5,38.2,40.5,3.7,500,0,548,841,1148,81.9,4.1,0.3,4,0,1.9,5.8,0.5,6,8.4,51.7,33.5,7.7,2.3,6.2,6.1,10.2,13.8,11.6,37.8,66454,7.3,2023,72,50,59,52,335,490,249,266,65,78,57,62,64,41,14,38,4,27,29.3,126.3,1129,30.2,894,28.7,Southport (Brown Line),40360,Southport,1787.116279,1192.3125,1956.896714,Lakeview,6,13.5,1.8,8.9,3.5,1.8,20.6,74366
17031063000,69.8,11.9,16.4,0.7,1.2,0,0,1.1,4.7,1,2.7,2.5,16.9,33.1,21.4,11.1,2.8,2.6,0,92,6.5,1.5,0,1772,0,1.8,2.7,5.8,7.8,10.8,15.6,21.1,13.9,20.4,3.2,10,8.7,15.3,12.4,17.7,14.8,10.8,6.9,34.2,52.2,9.2,4.4,376,38,1065,1221,1997,80,4.1,0,3.8,1.7,1.8,8.4,3.2,2.8,7.1,53.4,33.5,6.5,3.1,3,4.5,14.7,7.3,14.5,40.9,69493,9,3280,135,66,59,37,442,1041,525,316,172,44,180,87,64,43,10,0,17,42,29,134.3,1880,27.9,1400,29.3,"Belmont (Red, Brown & Purple lines)",41320,Belmont-North Main,6482.209302,4943.1875,6310.957746,Lakeview,6,13.5,1.8,8.9,3.5,1.8,20.6,74366
17031063000,69.8,11.9,16.4,0.7,1.2,0,0,1.1,4.7,1,2.7,2.5,16.9,33.1,21.4,11.1,2.8,2.6,0,92,6.5,1.5,0,1772,0,1.8,2.7,5.8,7.8,10.8,15.6,21.1,13.9,20.4,3.2,10,8.7,15.3,12.4,17.7,14.8,10.8,6.9,34.2,52.2,9.2,4.4,376,38,1065,1221,1997,80,4.1,0,3.8,1.7,1.8,8.4,3.2,2.8,7.1,53.4,33.5,6.5,3.1,3,4.5,14.7,7.3,14.5,40.9,69493,9,3280,135,66,59,37,442,1041,525,316,172,44,180,87,64,43,10,0,17,42,29,134.3,1880,27.9,1400,29.3,Wellington (Brown & Purple lines),41210,Wellington,968.627907,664.375,1673.098592,Lakeview,6,13.5,1.8,8.9,3.5,1.8,20.6,74366
17031831900,64.1,8,23.9,0.4,3.6,0,0.4,1.6,4.3,2.1,2.7,6.3,12.1,36.7,19.1,9.1,2.6,2.9,0,91.4,7.2,1.4,0,1647,0,0,1.1,5.7,8,12.1,14.9,25.4,13.6,19.2,4.7,3.6,2.4,10,6.2,27,22.2,16.8,7.1,13.7,58.4,19.3,8.5,662,31,832,1194,1836,83.5,2.3,0.9,5.5,0,0,11.6,3.9,6.7,10,42.3,37,11.3,5.1,8,0.3,4.3,12.4,7.9,45.8,72438,14,3074,121,111,42,27,529,626,501,313,94,131,84,75,100,113,141,9,46,11,31.1,95.2,1499,29.5,1575,33.4,Paulina (Brown Line),41310,Paulina,1117.790698,726.1666667,1562.948357,Lakeview,6,13.5,1.8,8.9,3.5,1.8,20.6,74366
17031832100,67.9,10.3,17.1,2,2.7,0,0,2.3,8.2,0.9,9.5,4.7,11.4,27.8,19.1,9.7,3.5,2.7,0,87.5,7.6,4.8,0,1585,3,0.6,2.3,4.4,10.7,17.7,9,19.7,11.2,21.5,7,3.5,7.1,7.5,6.7,25.4,16,19.4,7.4,24.8,51.9,21.7,1.6,468,76,873,832,2715,55.9,28.4,0,3.6,0,3.5,12.2,4.6,7.5,10.6,51.4,26,7.6,7.4,7.1,6.8,10.7,10.3,11,31.3,57279,15.4,3592,219,210,91,80,510,708,712,273,136,193,258,23,13,13,119,0,34,0,29.8,103.6,1828,29.1,1764,31.4,Sheridan (Red Line),40080,Sheridan,2104.744186,1584.3125,2501.441315,Lakeview,6,13.5,1.8,8.9,3.5,1.8,20.6,74366
17031063000,69.8,11.9,16.4,0.7,1.2,0,0,1.1,4.7,1,2.7,2.5,16.9,33.1,21.4,11.1,2.8,2.6,0,92,6.5,1.5,0,1772,0,1.8,2.7,5.8,7.8,10.8,15.6,21.1,13.9,20.4,3.2,10,8.7,15.3,12.4,17.7,14.8,10.8,6.9,34.2,52.2,9.2,4.4,376,38,1065,1221,1997,80,4.1,0,3.8,1.7,1.8,8.4,3.2,2.8,7.1,53.4,33.5,6.5,3.1,3,4.5,14.7,7.3,14.5,40.9,69493,9,3280,135,66,59,37,442,1041,525,316,172,44,180,87,64,43,10,0,17,42,29,134.3,1880,27.9,1400,29.3,Diversey (Brown & Purple lines),40530,Diversey,1956.976744,1338,2936.403756,Lincoln Park,7,11.4,0.9,10.1,3.1,2,24,90189
17031071100,74.4,5.8,17.8,0,2,0,0,0.8,5.4,2.7,3.6,2.2,20.6,38.3,12.2,11.1,2.4,0.6,0,96,2.6,1,0.4,1847,0.5,0,0.5,4.9,5.9,14.6,21.1,25.2,14,13.2,2.9,1.5,7.2,24.6,16,37.2,3.6,2.2,4.8,44.1,35.9,15.7,4.3,274,127,1207,1203,1508,83.9,1.3,0,7.7,0,0.9,10,0,0,7.3,53.2,39.6,8.6,3.4,3.6,1.4,6.2,16.8,3.3,44.2,80364,3.7,3186,80,54,97,374,926,608,214,156,54,76,68,102,138,78,73,63,10,15,25.8,85.6,1469,27.1,1717,24.6,Armitage (Brown & Purple lines),40660,Armitage,1788.790698,1144.770833,2511.394366,Lincoln Park,7,11.4,0.9,10.1,3.1,2,24,90189
17031071100,74.4,5.8,17.8,0,2,0,0,0.8,5.4,2.7,3.6,2.2,20.6,38.3,12.2,11.1,2.4,0.6,0,96,2.6,1,0.4,1847,0.5,0,0.5,4.9,5.9,14.6,21.1,25.2,14,13.2,2.9,1.5,7.2,24.6,16,37.2,3.6,2.2,4.8,44.1,35.9,15.7,4.3,274,127,1207,1203,1508,83.9,1.3,0,7.7,0,0.9,10,0,0,7.3,53.2,39.6,8.6,3.4,3.6,1.4,6.2,16.8,3.3,44.2,80364,3.7,3186,80,54,97,374,926,608,214,156,54,76,68,102,138,78,73,63,10,15,25.8,85.6,1469,27.1,1717,24.6,"Fullerton (Red, Brown & Purple lines)",41220,Fullerton,5590.581395,4106.895833,7522.924883,Lincoln Park,7,11.4,0.9,10.1,3.1,2,24,90189
17031040600,72.2,6.3,16.4,0.6,4.5,0,0.4,0.9,8.2,6,5,4.1,20.1,21.4,17.4,12,3.8,0.8,0,82,13.9,4.1,0,1490,1.8,0,1.2,6.2,4.4,12.1,9,29.3,9.6,26.4,0,3,6.6,6,3.2,21.2,21.4,27.1,11.4,21.1,53.2,25.2,0.5,561,148,765,1128,1589,79.7,5,1.8,0.9,0,8.3,15.3,2.8,8,11,40.2,38,7.8,4.3,5.5,10.8,11.7,9.7,7,39.7,59959,8.1,2785,156,119,67,52,187,506,305,393,288,119,189,154,18,74,87,20,27,24,35,91.8,1333,34.5,1452,36.1,Western (Brown Line),41480,Western-Brown,1739.418605,1205.291667,2115.938967,Lincoln Square,4,24.7,2.3,8.2,5.4,6.4,26.3,49797
17031040700,69.8,11,15.6,0.5,3.2,0,0,0.5,6.6,0.7,8.8,2.2,12.7,21,21.7,13.9,9.2,2.6,0,84.7,10.8,4.5,0,1841,1.1,0,0,7.4,8.5,16.8,15.8,13,8.9,28.5,3,11.1,8.3,4.8,2.9,14.3,16.4,20.3,18.9,20.1,45.3,28.8,5.8,804,60,712,1796,1882,74,3.3,0,11.3,0,5.1,7.8,3.5,6.4,14,40.3,35.8,8.3,3,6.3,9.2,12.8,10.5,4.6,38.1,58879,8.7,3749,249,253,196,121,210,330,342,578,336,245,326,186,97,112,42,63,63,0,37,100.1,1875,36.6,1874,37.3,Rockwell (Brown Line),41010,Rockwell,585.5116279,433.2708333,904.9671362,Lincoln Square,4,24.7,2.3,8.2,5.4,6.4,26.3,49797
17031830800,65,6.9,25.2,0.3,2.5,0,0.7,2.3,7.3,2,8.5,1,17.4,21.7,20.6,12.5,2.9,3,0,80.3,11.8,7.4,0.5,1154,1.6,0.9,0,5.9,13.3,18.1,12.9,32,5.5,9.7,4.4,0,9,7.3,10,11.7,18.4,23.7,15.5,25.5,55.4,17.1,2,368,50,605,713,1702,78,4.8,0.4,11.6,0,0,9.6,0,8.6,14.2,43.2,34,11.6,4.5,9.7,5.1,8.8,12.9,11.1,34.9,60736,6.3,2415,69,34,74,59,148,361,744,244,121,93,223,38,86,31,0,68,13,9,33.5,84.2,1104,33.7,1311,33.3,Damen (Brown Line),40090,Damen-Brown,985.3255814,657.1666667,1478.539906,Lincoln Square,4,24.7,2.3,8.2,5.4,6.4,26.3,49797
17031830800,65,6.9,25.2,0.3,2.5,0,0.7,2.3,7.3,2,8.5,1,17.4,21.7,20.6,12.5,2.9,3,0,80.3,11.8,7.4,0.5,1154,1.6,0.9,0,5.9,13.3,18.1,12.9,32,5.5,9.7,4.4,0,9,7.3,10,11.7,18.4,23.7,15.5,25.5,55.4,17.1,2,368,50,605,713,1702,78,4.8,0.4,11.6,0,0,9.6,0,8.6,14.2,43.2,34,11.6,4.5,9.7,5.1,8.8,12.9,11.1,34.9,60736,6.3,2415,69,34,74,59,148,361,744,244,121,93,223,38,86,31,0,68,13,9,33.5,84.2,1104,33.7,1311,33.3,Montrose (Brown Line),41500,Montrose-Brown,995.9069767,679.8541667,1319.901408,Lincoln Square,4,24.7,2.3,8.2,5.4,6.4,26.3,49797
17031220602,63.4,16.3,14.9,0.3,5.1,0,0,0.3,3.1,1.1,4.7,5.7,8.3,26.6,27.9,11.5,7,3.7,0,86.9,9.5,3.6,0,2122,7.4,0,3.8,2.8,3.6,12.2,9.4,32.7,9.5,18.6,3.3,2.5,3,6.6,7,32.3,17.3,11.8,16.2,27,59.8,9.7,3.5,646,37,1161,1156,3080,64.5,7.8,0,7.7,0,3.9,24.7,5.6,12.7,19.7,35.1,26.9,5.5,8,9.6,9.5,7.1,12.9,11.2,29.5,58220,16.2,4316,290,123,92,81,546,815,742,440,88,158,60,199,101,205,32,101,36,207,31.6,76.3,1868,30.8,2448,31.8,Logan Square (Blue Line),41020,Logan Square,2097.906977,1618.541667,3677.2723,Logan Square,22,23.4,2.2,10.3,3.4,8.4,24.3,52835
17031221400,72.9,3.6,13.7,1.2,8.5,0,0,1.5,12.7,0.8,4.5,6.1,17.9,23.6,21.8,6.6,3.5,0.9,0,87.8,6.6,5.6,0,1532,2,0,4.6,12.7,12.3,15,8.4,16.6,15.7,12.7,1.6,5.7,10.4,11,8.9,34.7,11.7,7.4,8.6,27.5,45.8,19.1,7.6,509,106,767,1425,1583,63.3,3.9,0,8.3,0,2.6,27.7,5.6,10.4,20.2,38.3,25.4,5.3,3.6,10.2,11.2,7.9,9.3,4.8,39.2,62736,5.9,3083,259,32,85,85,220,528,565,522,237,166,178,27,43,44,57,25,10,0,32.5,97.9,1525,33.6,1558,31.5,California (Blue Line),40570,California/Milwaukee,1616.139535,1164.0625,2745.793427,Logan Square,22,23.4,2.2,10.3,3.4,8.4,24.3,52835
17031222200,73.2,6.5,13.2,1.6,5.4,0,0,1,8.9,1.7,7.9,4,13.8,26.3,19.9,8.5,7.3,0.8,0,87.1,7.3,5.6,0,1136,1.5,1.4,0.5,10.6,7.4,12.8,16.9,15.6,13,20.3,5.8,2.1,5.9,19,7,14.8,24,12.9,8.5,20.9,56.2,20,2.8,492,68,519,1244,912,83.3,4.1,0.7,3.5,0,1,8.4,1,6.8,6.9,40.8,44.6,3,2.7,2.9,7.1,5,11.3,9.5,52.3,93618,3.7,2243,199,109,97,45,117,280,401,356,201,130,98,55,88,0,51,0,16,0,32.8,82.4,1013,33.4,1230,32.5,Western (Blue Line - O'Hare Branch),40670,Western/Milwaukee,1818.511628,1305.6875,2825.262911,Logan Square,22,23.4,2.2,10.3,3.4,8.4,24.3,52835
17031282700,56.1,19.8,13.4,3.4,7.3,0,0,4.3,9.4,0.2,7.8,3.1,9.7,20.9,26.6,11.4,5.4,1.1,0,86.3,8.9,4.8,0,1297,1.8,0.7,1.1,2.6,8,12.2,18.4,13.3,5.5,36.5,3.5,14.4,15.9,23.2,6.4,14.3,2.5,10.6,9.2,12,40.8,31.3,15.9,627,119,419,1164,1035,34,36.9,0.8,8.6,0,13.3,24.1,4.1,23.4,19,20,33.4,8.4,4.9,13.4,10.1,7.9,13.1,6.3,22.5,46838,15.6,2243,61,73,128,91,362,328,296,262,194,171,7,69,35,113,53,0,0,0,31.8,88.2,1051,32.5,1192,29.1,Western (Blue Line - Forest Park Branch),40220,Western-Forest Park,394.627907,300.5,601.342723,Logan Square,22,23.4,2.2,10.3,3.4,8.4,24.3,52835
17031320102,76,2.8,17.6,2.9,0.6,0,0,0,5.5,0,1.7,6.4,14.7,36.3,18.9,9.5,1.2,5.7,0,85.9,11,3.1,0,3459,0,0,4.7,0,12,8.1,36.1,16.2,12.8,10.1,4.5,3.9,23.2,13.8,12.1,19.7,3.1,7.8,11.8,80.6,11,8.4,0,474,0,1793,1030,4331,62.4,3.9,4.5,25.6,0,0,11.4,0,3.1,6.7,50.3,39.9,4.2,3.5,8.8,5.3,19.6,4.2,5.4,40.6,67852,10,5429,116,118,111,264,1031,1937,941,163,22,258,374,58,1,32,0,1,1,1,26.6,119.5,2956,26.6,2473,26.5,Lake (Red Line),41660,Lake/State,7715.116279,5690.229167,9299.319249,Loop,32,12.9,4,6.7,5.8,4,15.9,90513
17031320102,76,2.8,17.6,2.9,0.6,0,0,0,5.5,0,1.7,6.4,14.7,36.3,18.9,9.5,1.2,5.7,0,85.9,11,3.1,0,3459,0,0,4.7,0,12,8.1,36.1,16.2,12.8,10.1,4.5,3.9,23.2,13.8,12.1,19.7,3.1,7.8,11.8,80.6,11,8.4,0,474,0,1793,1030,4331,62.4,3.9,4.5,25.6,0,0,11.4,0,3.1,6.7,50.3,39.9,4.2,3.5,8.8,5.3,19.6,4.2,5.4,40.6,67852,10,5429,116,118,111,264,1031,1937,941,163,22,258,374,58,1,32,0,1,1,1,26.6,119.5,2956,26.6,2473,26.5,"State/Lake (Brown, Green, Orange, Pink & Purple lines)",40260,State/Lake,5887.930233,4462.3125,7044.070423,Loop,32,12.9,4,6.7,5.8,4,15.9,90513
17031320102,76,2.8,17.6,2.9,0.6,0,0,0,5.5,0,1.7,6.4,14.7,36.3,18.9,9.5,1.2,5.7,0,85.9,11,3.1,0,3459,0,0,4.7,0,12,8.1,36.1,16.2,12.8,10.1,4.5,3.9,23.2,13.8,12.1,19.7,3.1,7.8,11.8,80.6,11,8.4,0,474,0,1793,1030,4331,62.4,3.9,4.5,25.6,0,0,11.4,0,3.1,6.7,50.3,39.9,4.2,3.5,8.8,5.3,19.6,4.2,5.4,40.6,67852,10,5429,116,118,111,264,1031,1937,941,163,22,258,374,58,1,32,0,1,1,1,26.6,119.5,2956,26.6,2473,26.5,"Washington/Wabash (Brown, Green, Orange, Purple & Pink lines)",41700,Washington/Wabash,4579.116279,3485.5,6386.558685,Loop,32,12.9,4,6.7,5.8,4,15.9,90513
17031320400,56.7,24.3,15.8,0.7,2.5,0,0,0.4,7.1,0,9.6,1.2,16.2,17.8,34.4,12,1.3,0,0,90.8,4.1,4.6,0.4,1083,0,0.7,4.1,3.6,2.6,11.2,16,15.1,7.2,39.6,25.8,15.6,16.9,17.9,3.9,4.8,2.3,3.2,9.6,24,54.4,18.9,2.7,227,34,196,850,434,62.9,13.8,1.3,16.4,0,1.3,8.4,1.7,0,6.3,32.6,59.4,35.1,7.3,4,0.9,2.9,1.4,1.6,25,12998,10.8,3004,7,12,12,905,907,120,145,45,62,78,84,116,149,137,118,61,46,0,21.9,91.9,1439,22.9,1565,21.3,"Adams/Wabash (Brown, Green, Orange, Pink & Purple lines)",40680,Adams/Wabash,2524.511628,2084.833333,4235.938967,Loop,32,12.9,4,6.7,5.8,4,15.9,90513
17031320400,56.7,24.3,15.8,0.7,2.5,0,0,0.4,7.1,0,9.6,1.2,16.2,17.8,34.4,12,1.3,0,0,90.8,4.1,4.6,0.4,1083,0,0.7,4.1,3.6,2.6,11.2,16,15.1,7.2,39.6,25.8,15.6,16.9,17.9,3.9,4.8,2.3,3.2,9.6,24,54.4,18.9,2.7,227,34,196,850,434,62.9,13.8,1.3,16.4,0,1.3,8.4,1.7,0,6.3,32.6,59.4,35.1,7.3,4,0.9,2.9,1.4,1.6,25,12998,10.8,3004,7,12,12,905,907,120,145,45,62,78,84,116,149,137,118,61,46,0,21.9,91.9,1439,22.9,1565,21.3,Jackson (Red Line),40560,Jackson/State,2473.55814,1977.416667,3961.187793,Loop,32,12.9,4,6.7,5.8,4,15.9,90513
17031320400,56.7,24.3,15.8,0.7,2.5,0,0,0.4,7.1,0,9.6,1.2,16.2,17.8,34.4,12,1.3,0,0,90.8,4.1,4.6,0.4,1083,0,0.7,4.1,3.6,2.6,11.2,16,15.1,7.2,39.6,25.8,15.6,16.9,17.9,3.9,4.8,2.3,3.2,9.6,24,54.4,18.9,2.7,227,34,196,850,434,62.9,13.8,1.3,16.4,0,1.3,8.4,1.7,0,6.3,32.6,59.4,35.1,7.3,4,0.9,2.9,1.4,1.6,25,12998,10.8,3004,7,12,12,905,907,120,145,45,62,78,84,116,149,137,118,61,46,0,21.9,91.9,1439,22.9,1565,21.3,Monroe (Red Line),41090,Monroe/State,2534.604651,1918.729167,3762.328638,Loop,32,12.9,4,6.7,5.8,4,15.9,90513
17031320600,74.5,7,16.6,0.5,1.5,0,0.5,1.3,6.3,1.5,4.7,1.3,10.8,33.8,24.2,7,4.9,3.7,0,90.6,8.6,0.8,0,2770,1.4,1.3,1.3,10.5,8,12.3,10.1,18.7,17.6,18.8,7,8.1,20.2,15.1,8.4,17.6,7.4,4.1,12,41.4,51.9,6.8,0,981,150,734,2392,3461,60.4,10.3,0,18.6,0,2.4,14.2,0,1.6,9.2,47.3,41.9,7.5,1.8,7,1.8,6.1,7.3,6.3,55.6,86148,11.8,6116,275,91,61,160,618,1158,955,644,304,320,129,325,560,240,162,60,0,54,33.4,114.5,3265,33.1,2851,34,Harrison (Red Line),41490,Harrison,2310.093023,1749.645833,2160.676056,Loop,32,12.9,4,6.7,5.8,4,15.9,90513
17031330200,75.4,10.1,14.2,0,0.3,0,0,2.8,4,3.6,2.9,0.9,14.9,22.1,33.4,7,3.8,4.6,0,80.4,14.9,4.8,0,1527,1.2,0,6,11.1,5.8,18,14.4,17.6,13.4,12.4,2.3,5,20,25.6,11.6,16.1,11.3,3.2,4.9,11.2,59.9,27.1,1.8,749,197,303,2534,1401,48.3,29.6,0,14.3,0,0,3.7,6.8,5,16,32.6,39.5,8.1,7.4,6.6,2.8,5.8,6.1,6.5,49.2,79524,11.9,3969,351,313,292,101,62,303,315,365,225,404,170,261,243,142,245,97,60,20,38.3,83.9,1811,39.3,2158,37.8,"Roosevelt (Red, Orange & Green lines)",41400,Roosevelt,6548.186047,5137.5625,6463.995305,Loop,32,12.9,4,6.7,5.8,4,15.9,90513
17031839100,82.6,3.6,10.9,0,2.9,0,0,1.6,5.7,2.1,2.5,8.3,15.3,33.5,18.6,5,2.7,4.6,0,85.7,10,4.3,0,4176,0,1,3.9,1.7,4.6,10,8.7,21.1,20.8,28.3,13.2,25.7,25.6,9.8,0.9,7.5,4.5,3.8,9.1,55.1,39.5,5.4,0,791,55,799,1935,4792,47.9,11.4,0.9,30.6,0,2,14.4,4.5,6.9,7.6,36.5,44.4,7.3,1.7,5.1,3.8,5.1,6.6,4.2,51.3,84982,6.6,8227,263,0,0,395,1303,1928,1483,953,531,300,395,286,93,187,71,39,0,0,30.6,111.4,4335,31.8,3892,29,"Clark/Lake (Blue, Brown, Green, Orange, Purple & Pink lines)",40380,Clark/Lake,4277.511628,3497.708333,8224.741784,Loop,32,12.9,4,6.7,5.8,4,15.9,90513
17031839100,82.6,3.6,10.9,0,2.9,0,0,1.6,5.7,2.1,2.5,8.3,15.3,33.5,18.6,5,2.7,4.6,0,85.7,10,4.3,0,4176,0,1,3.9,1.7,4.6,10,8.7,21.1,20.8,28.3,13.2,25.7,25.6,9.8,0.9,7.5,4.5,3.8,9.1,55.1,39.5,5.4,0,791,55,799,1935,4792,47.9,11.4,0.9,30.6,0,2,14.4,4.5,6.9,7.6,36.5,44.4,7.3,1.7,5.1,3.8,5.1,6.6,4.2,51.3,84982,6.6,8227,263,0,0,395,1303,1928,1483,953,531,300,395,286,93,187,71,39,0,0,30.6,111.4,4335,31.8,3892,29,"Harold Washington Library-State/Van Buren (Brown, Orange, Purple & Pink lines)",40850,Library,1731.348837,1281.666667,2595.389671,Loop,32,12.9,4,6.7,5.8,4,15.9,90513
17031839100,82.6,3.6,10.9,0,2.9,0,0,1.6,5.7,2.1,2.5,8.3,15.3,33.5,18.6,5,2.7,4.6,0,85.7,10,4.3,0,4176,0,1,3.9,1.7,4.6,10,8.7,21.1,20.8,28.3,13.2,25.7,25.6,9.8,0.9,7.5,4.5,3.8,9.1,55.1,39.5,5.4,0,791,55,799,1935,4792,47.9,11.4,0.9,30.6,0,2,14.4,4.5,6.9,7.6,36.5,44.4,7.3,1.7,5.1,3.8,5.1,6.6,4.2,51.3,84982,6.6,8227,263,0,0,395,1303,1928,1483,953,531,300,395,286,93,187,71,39,0,0,30.6,111.4,4335,31.8,3892,29,Jackson (Blue Line),40070,Jackson/Dearborn,1903.697674,1565,3334.596244,Loop,32,12.9,4,6.7,5.8,4,15.9,90513
17031839100,82.6,3.6,10.9,0,2.9,0,0,1.6,5.7,2.1,2.5,8.3,15.3,33.5,18.6,5,2.7,4.6,0,85.7,10,4.3,0,4176,0,1,3.9,1.7,4.6,10,8.7,21.1,20.8,28.3,13.2,25.7,25.6,9.8,0.9,7.5,4.5,3.8,9.1,55.1,39.5,5.4,0,791,55,799,1935,4792,47.9,11.4,0.9,30.6,0,2,14.4,4.5,6.9,7.6,36.5,44.4,7.3,1.7,5.1,3.8,5.1,6.6,4.2,51.3,84982,6.6,8227,263,0,0,395,1303,1928,1483,953,531,300,395,286,93,187,71,39,0,0,30.6,111.4,4335,31.8,3892,29,LaSalle (Blue Line),41340,LaSalle,957,807.4583333,1582.220657,Loop,32,12.9,4,6.7,5.8,4,15.9,90513
17031839100,82.6,3.6,10.9,0,2.9,0,0,1.6,5.7,2.1,2.5,8.3,15.3,33.5,18.6,5,2.7,4.6,0,85.7,10,4.3,0,4176,0,1,3.9,1.7,4.6,10,8.7,21.1,20.8,28.3,13.2,25.7,25.6,9.8,0.9,7.5,4.5,3.8,9.1,55.1,39.5,5.4,0,791,55,799,1935,4792,47.9,11.4,0.9,30.6,0,2,14.4,4.5,6.9,7.6,36.5,44.4,7.3,1.7,5.1,3.8,5.1,6.6,4.2,51.3,84982,6.6,8227,263,0,0,395,1303,1928,1483,953,531,300,395,286,93,187,71,39,0,0,30.6,111.4,4335,31.8,3892,29,"LaSalle/Van Buren (Brown, Orange, Purple & Pink lines)",40160,LaSalle/Van Buren,488.9767442,361.7708333,1563.305164,Loop,32,12.9,4,6.7,5.8,4,15.9,90513
17031839100,82.6,3.6,10.9,0,2.9,0,0,1.6,5.7,2.1,2.5,8.3,15.3,33.5,18.6,5,2.7,4.6,0,85.7,10,4.3,0,4176,0,1,3.9,1.7,4.6,10,8.7,21.1,20.8,28.3,13.2,25.7,25.6,9.8,0.9,7.5,4.5,3.8,9.1,55.1,39.5,5.4,0,791,55,799,1935,4792,47.9,11.4,0.9,30.6,0,2,14.4,4.5,6.9,7.6,36.5,44.4,7.3,1.7,5.1,3.8,5.1,6.6,4.2,51.3,84982,6.6,8227,263,0,0,395,1303,1928,1483,953,531,300,395,286,93,187,71,39,0,0,30.6,111.4,4335,31.8,3892,29,Monroe (Blue Line),40790,Monroe/Dearborn,1231.395349,1073.041667,3326.15493,Loop,32,12.9,4,6.7,5.8,4,15.9,90513
17031839100,82.6,3.6,10.9,0,2.9,0,0,1.6,5.7,2.1,2.5,8.3,15.3,33.5,18.6,5,2.7,4.6,0,85.7,10,4.3,0,4176,0,1,3.9,1.7,4.6,10,8.7,21.1,20.8,28.3,13.2,25.7,25.6,9.8,0.9,7.5,4.5,3.8,9.1,55.1,39.5,5.4,0,791,55,799,1935,4792,47.9,11.4,0.9,30.6,0,2,14.4,4.5,6.9,7.6,36.5,44.4,7.3,1.7,5.1,3.8,5.1,6.6,4.2,51.3,84982,6.6,8227,263,0,0,395,1303,1928,1483,953,531,300,395,286,93,187,71,39,0,0,30.6,111.4,4335,31.8,3892,29,"Quincy/Wells (Brown, Orange, Purple & Pink lines)",40040,Quincy/Wells,1340.790698,1133.479167,4128.732394,Loop,32,12.9,4,6.7,5.8,4,15.9,90513
17031839100,82.6,3.6,10.9,0,2.9,0,0,1.6,5.7,2.1,2.5,8.3,15.3,33.5,18.6,5,2.7,4.6,0,85.7,10,4.3,0,4176,0,1,3.9,1.7,4.6,10,8.7,21.1,20.8,28.3,13.2,25.7,25.6,9.8,0.9,7.5,4.5,3.8,9.1,55.1,39.5,5.4,0,791,55,799,1935,4792,47.9,11.4,0.9,30.6,0,2,14.4,4.5,6.9,7.6,36.5,44.4,7.3,1.7,5.1,3.8,5.1,6.6,4.2,51.3,84982,6.6,8227,263,0,0,395,1303,1928,1483,953,531,300,395,286,93,187,71,39,0,0,30.6,111.4,4335,31.8,3892,29,Washington (Blue Line),40370,Washington/Dearborn,3948.744186,3154.729167,6207.037559,Loop,32,12.9,4,6.7,5.8,4,15.9,90513
17031839100,82.6,3.6,10.9,0,2.9,0,0,1.6,5.7,2.1,2.5,8.3,15.3,33.5,18.6,5,2.7,4.6,0,85.7,10,4.3,0,4176,0,1,3.9,1.7,4.6,10,8.7,21.1,20.8,28.3,13.2,25.7,25.6,9.8,0.9,7.5,4.5,3.8,9.1,55.1,39.5,5.4,0,791,55,799,1935,4792,47.9,11.4,0.9,30.6,0,2,14.4,4.5,6.9,7.6,36.5,44.4,7.3,1.7,5.1,3.8,5.1,6.6,4.2,51.3,84982,6.6,8227,263,0,0,395,1303,1928,1483,953,531,300,395,286,93,187,71,39,0,0,30.6,111.4,4335,31.8,3892,29,"Washington/Wells (Brown, Orange, Purple & Pink lines)",40730,Washington/Wells,907.4418605,685.7916667,4306.798122,Loop,32,12.9,4,6.7,5.8,4,15.9,90513
17031310800,39.7,26.7,17.5,4.4,11.8,0,0,5.8,4.1,3.7,9.2,1.7,6.9,12.9,41.6,11.1,3,0,0,80.6,11.4,6.5,1.6,2342,2.4,7.6,5.3,4.1,7.4,20.4,7.3,4.8,4,36.7,3.9,7.5,8.6,24.7,10.2,27.3,2.1,7.4,8.3,16.9,36.7,20,26.3,1213,147,853,1581,3048,40.1,0.8,2.2,5,0,28.4,73.2,25.7,17.6,18,24.3,14.4,15.7,5.9,14.7,8.1,14.7,5,6.1,12.6,33024,22.7,4633,132,341,284,158,518,627,522,483,211,149,267,361,191,106,107,87,85,4,31.8,101.1,2329,29.7,2304,35.6,18th (Pink Line),40830,18th,1083.767442,818.125,1194.882629,Lower West Side,31,42.5,4.4,13.9,6.5,23.2,28.7,30762
17031310900,48.2,10.5,8.7,13.4,19.2,0,0,10.6,9.9,2.2,4.9,11,7,14.1,20.6,12.6,6.7,0.4,0,87,12,1,0,2337,1.2,4.4,1.9,13.3,8.8,15.7,10.7,17,5.1,21.9,4.9,6.3,14.7,19,3.6,23.2,9,15.5,3.8,20.5,45.9,17.2,16.4,1391,123,678,2197,2698,40.5,4,0.9,0.3,0,34.7,75.8,20.9,25.1,16.6,26.9,10.6,14.3,11.8,6.5,11.3,13.8,5.1,3.8,18.6,33505,22.7,4914,91,238,290,445,268,492,482,648,254,519,292,22,186,135,163,102,144,143,37.3,95.1,2395,35.3,2519,38.2,Damen (Pink Line),40210,Damen-Cermak,720.744186,550.5208333,1067,Lower West Side,31,42.5,4.4,13.9,6.5,23.2,28.7,30762
17031841200,41.2,18.9,21.6,2.7,15.7,0,0,3.4,13.2,0.6,8.2,2.6,14,19.5,19.4,10.6,1.9,7,0,89,8,3,0,1876,0,6.9,4.6,12.6,6.1,10.1,12.7,15.3,3.7,27.9,0,6.6,22.2,18.1,3.9,16.8,9.3,13.9,9.2,22.2,31,25.1,21.8,839,286,473,1270,3097,34.2,2.5,0.9,1.1,0,43.9,79.1,33.6,17.4,23.7,14.7,10.6,9.9,10.7,15.8,12.6,15.2,7.9,4,9.9,30507,12.9,4414,267,264,240,239,385,504,415,381,211,155,222,289,176,336,170,60,20,80,33.6,88.4,2071,31.7,2343,34.5,Western (Pink Line),40740,Western-Cermak,555.8604651,400.625,801.971831,Lower West Side,31,42.5,4.4,13.9,6.5,23.2,28.7,30762
17031843200,36.9,22.7,19.8,9.2,11.4,0,0,5.3,9.3,1.7,6.8,5.8,11.4,13.8,24.6,8.4,8.4,4.4,0,73.9,16.2,8.5,1.4,1178,4.6,3.1,2.3,8.1,1.6,23.3,8.2,23.3,0.9,24.6,2.8,7.8,6.4,14.9,7.8,30.5,11,7.2,11.6,11.1,47.4,23.5,18.1,548,88,419,883,1426,48.7,6.7,0.7,1.5,0,26.2,60.7,10.6,32.7,22.8,19.5,14.5,16,8.3,9.4,13.8,10.5,9.2,4.2,17.4,33413,17.9,2348,100,74,134,92,173,296,347,230,204,139,88,108,66,169,40,26,51,11,34.8,88.1,1100,35.7,1248,34.3,Ashland (Orange Line),41060,Ashland-Orange,653.1162791,510.3541667,1113.258216,Lower West Side,31,42.5,4.4,13.9,6.5,23.2,28.7,30762
17031590500,42.9,22,17.8,10.5,6.9,0,0,9.9,8.1,0.8,4.3,0.7,4.2,23.6,16.7,22,8.9,0.8,0,82.1,10.6,7.4,0,739,8.5,10,0,3.2,0.7,9.1,16.1,15.7,4.9,31.8,6.5,3.1,14.6,15.8,12,13.1,10.7,14.5,9.6,14.5,42.8,27.7,15.1,364,25,295,1110,503,31.2,5.9,0,25.8,0,24.5,41.6,19.2,26.3,20,19.1,15.4,12.3,7.1,8.8,6.9,16.3,8,6.2,19.4,39904,10.8,1672,85,49,81,70,39,232,163,91,140,92,106,84,197,78,50,79,12,24,41,122,919,40.2,753,43.5,35th/Archer (Orange Line),40120,35th/Archer,956.8139535,726.625,1744.676056,McKinley Park,59,46.8,5.9,14.3,6,23.2,31.4,26934
17031080202,70.7,4,23.1,0.7,1.5,0,0,1.3,1.8,2.6,4.2,1.5,27,36.6,11.4,8.4,3.2,1.9,0,86.8,7.4,5.8,0,2194,1.9,1,0.9,9.1,2.1,3.8,18.7,28.2,15.3,19.1,7.9,3.6,15.9,24.3,13.4,20.8,2.9,7.2,4,44.3,49.7,6,0,475,56,831,2106,1669,88.2,1.6,0,5.6,0,0,8.1,0.4,0.4,10.4,44.3,44.5,9.1,1.8,3.5,3.2,4,11.8,2,58.8,101239,10.1,3800,82,52,0,64,283,710,562,297,157,41,51,322,403,175,349,115,24,113,36.7,73.4,1609,37.2,2191,36.5,Clark/Division (Red Line),40630,Clark/Division,4153.325581,3048.229167,4380.957746,Near North Side,8,9.4,2.1,10.3,2.7,1.9,22.1,104139
17031080400,60.3,11.6,19.3,3,5.8,0,0,0.7,3.2,4.8,8.3,4.1,11.4,37.4,14.6,1.9,9.2,4.4,0,84.7,13.9,1.4,0,1882,0,0,0,7.8,12.6,23.9,15.1,15.1,9.1,16.4,1.3,11.8,7.5,9.8,7.1,21.6,10.4,18.2,12.3,27.6,54.4,11.9,6.1,588,309,838,1869,2986,33.9,47.3,0,10.4,0,0.7,3.2,5.9,5.4,25.7,27.8,35.2,12.7,7.1,7.4,10.2,7.3,2.5,1.6,43.3,53239,21.5,4888,528,371,201,81,552,564,602,729,155,214,146,274,91,243,62,75,0,0,31.1,90,2315,32.9,2573,30.3,Sedgwick (Brown & Purple lines),40800,Sedgwick,1895.418605,1304.5625,2378.521127,Near North Side,8,9.4,2.1,10.3,2.7,1.9,22.1,104139
17031081500,78.2,6.3,12.8,0,2.6,0,0,0,4.5,2,1.6,3.7,21.1,18.4,31.7,11,4.9,1.1,0,91.7,5.5,1,1.8,2992,0,0,0,3.5,8.2,6.7,19.9,39.3,9.2,13.2,6.2,11.4,9.8,15.9,6.7,10.6,22.1,3.8,13.6,35.6,50.3,7,7,989,79,636,2322,2483,57.5,4.4,0,33.1,0,1.6,5.2,0.4,1.4,6.1,49.5,42.6,7.4,1.6,2.3,2.1,5.9,8.3,3.6,65.1,107682,6.8,4906,126,15,17,0,490,641,738,317,650,143,120,693,357,232,239,68,60,0,40.3,78.1,2152,36.2,2754,40.8,Chicago (Red Line),41450,Chicago/State,6330,4733.5625,6998.178404,Near North Side,8,9.4,2.1,10.3,2.7,1.9,22.1,104139
17031081500,78.2,6.3,12.8,0,2.6,0,0,0,4.5,2,1.6,3.7,21.1,18.4,31.7,11,4.9,1.1,0,91.7,5.5,1,1.8,2992,0,0,0,3.5,8.2,6.7,19.9,39.3,9.2,13.2,6.2,11.4,9.8,15.9,6.7,10.6,22.1,3.8,13.6,35.6,50.3,7,7,989,79,636,2322,2483,57.5,4.4,0,33.1,0,1.6,5.2,0.4,1.4,6.1,49.5,42.6,7.4,1.6,2.3,2.1,5.9,8.3,3.6,65.1,107682,6.8,4906,126,15,17,0,490,641,738,317,650,143,120,693,357,232,239,68,60,0,40.3,78.1,2152,36.2,2754,40.8,Grand (Red Line),40330,Grand/State,6809.837209,5046.625,5464.807512,Near North Side,8,9.4,2.1,10.3,2.7,1.9,22.1,104139
17031081700,84.1,3.5,10.3,0.6,1.6,0,0,0.4,9.7,2.2,5.4,0.4,27.1,32.9,14.4,5.9,0.7,0.9,0,92.9,3.2,2.6,1.3,3283,0.5,1.9,1.1,2.3,7.7,9.1,14.8,26,12.9,23.6,11.6,19,22.1,18.7,8,8.5,3.6,1.7,6.9,52,44.1,3,0.9,706,76,180,1265,3912,68.8,3.6,0,14,0,3.9,12.3,0.3,3.5,6.1,51.2,39,5.2,2.9,3.1,8.6,3.3,6.3,10.6,55.7,82869,8.1,5217,76,0,0,22,815,1450,1162,550,113,195,177,225,123,151,46,32,42,38,31,95.6,2550,32.2,2667,29.7,Merchandise Mart (Brown & Purple lines),40460,Merchandise Mart,1690.325581,1058.520833,3730.169014,Near North Side,8,9.4,2.1,10.3,2.7,1.9,22.1,104139
17031081800,76.4,2,18.3,0,3.2,0,0.4,0.3,5.5,3.2,6.8,2.8,25,29.4,16.7,4.5,2.8,2.4,0.3,90.9,3.5,5.6,0,6631,0,0.4,1.4,6.8,6.3,11.3,15.8,19.8,19.4,18.7,10.2,16,18.1,18.1,5.4,7.4,6.1,6.6,12.1,30.2,55.8,13.2,0.8,2052,113,1181,5665,6426,74.6,2,0,7.1,0,5,11.8,0.7,1.4,4.6,50.9,42.3,3.9,0.9,1.4,5.2,3.5,7.6,7,62.6,110781,5.7,12213,452,262,0,258,891,2702,1924,1327,897,652,1027,597,375,436,339,0,74,0,33.8,95.7,5972,35.6,6241,32,Chicago (Brown & Purple lines),40710,Chicago/Franklin,2399.418605,1570.208333,3777.197183,Near North Side,8,9.4,2.1,10.3,2.7,1.9,22.1,104139
17031842200,73.3,1.3,19.7,0.6,5.2,0,0,0.6,4,2.3,3.1,7.8,19.8,38.8,16.7,3.8,1.3,1.9,0,90.2,6.2,3.6,0,1840,0.7,0,0,6.8,6.6,8.4,11.4,28,16.4,21.7,10,4.4,14.6,7.6,5.5,21.5,6.3,17.4,12.6,21.6,54.7,21,2.7,699,125,651,1457,2127,72.2,8.7,0.2,9.2,0,1.4,4.7,2.1,7.2,11.9,46.4,32.4,2.8,4.5,7.5,2.6,9.6,4.3,2.4,60.3,89605,5.4,3602,46,0,208,151,73,542,853,342,77,238,249,235,145,149,127,114,24,29,34.5,99.6,1797,33.5,1805,35.7,North/Clybourn (Red Line),40650,North/Clybourn,2730.44186,2027,2810.004695,Near North Side,8,9.4,2.1,10.3,2.7,1.9,22.1,104139
17031330103,78.5,6.3,13.8,0,1.5,0,0,3.6,5.7,2.7,3.8,0,9.2,29.8,33.2,2.1,7.9,2,0,76.7,18.1,5.2,0,4230,2.9,5.8,4.1,4.6,13,21,16.1,12.2,7.6,12.6,3.5,10.3,22.5,22.6,12.2,13.7,7.4,4.2,3.5,14,63.4,20.8,1.8,2462,0,1493,4082,4220,59.2,29.1,0.7,8.8,0,0.1,1.8,4,3.4,8.5,41.3,42.7,4.1,7.1,6.1,0.6,5,9,6.8,50.8,90501,10.8,8471,325,218,327,167,212,1647,869,1337,343,444,857,584,636,193,22,129,24,137,35.7,121.3,4643,35.3,3828,36.6,Cermak-McCormick Place (Green Line),41690,Cermak-McCormick Place,1068.744186,836.125,1077.661972,Near South Side,33,10.2,1.3,8.1,0.7,4.8,22,88784
17031280100,79.9,2.9,16.1,0.3,0.6,0.2,0,2,6.6,3.1,4.1,2.1,22.2,35.7,15.5,4.2,1.8,2.4,0.2,90,5.3,4.7,0,4770,0,1.2,2.6,2.7,11.6,11.1,13.2,17.5,26.1,14,7.2,16.3,18.5,21.5,6.7,10.4,3.9,7.1,8.4,41.1,50.4,8.6,0,1260,83,685,2430,5225,73.6,2.1,0,18.3,0,0.7,6.8,0.4,1.4,6.8,47.9,43.5,2.2,2.6,2.6,3,4.8,5.3,5.5,70.6,105534,4.9,7730,188,114,42,6,472,1631,2205,1294,461,241,433,231,137,87,59,67,0,62,32.1,92.5,3714,32.3,4016,31.9,Clinton (Green & Pink lines),41160,Clinton-Lake,1313.534884,949.1875,2395.507042,Near West Side,28,27.1,4.5,16.5,6.2,6.1,21.9,59635
17031832900,61.5,10,13.3,3.5,11.6,0,0,1,1.9,1.7,7.5,3.7,12.5,14.7,42.4,3.5,7.2,3.9,0,69.9,23.8,6.3,0,1048,0,0,4.3,0,7.1,7.4,5.3,10.2,7.7,57.9,4.8,18,15.4,13,6,15.3,15.2,5.9,6.5,27.3,49.5,10.3,12.9,251,31,198,587,1500,49.9,2.6,0,42.2,0,0.4,7.1,3.3,7.8,8.1,38.8,42,19.5,6.7,6.6,11.1,2.9,4.6,6.4,19.2,33615,36.5,2092,0,43,40,251,550,359,235,79,34,125,44,57,97,42,64,17,41,14,26.6,113.3,1111,24.7,981,27.7,Racine (Blue Line),40470,Racine,392.5116279,275.7708333,717.7746479,Near West Side,28,27.1,4.5,16.5,6.2,6.1,21.9,59635
17031833000,69.7,4,22.8,0,3.5,0,0,0.3,7.8,2.6,5.3,3.6,34.5,23.1,16.7,3,2.1,1.1,0,93.5,2.2,4.4,0,2509,0,0.8,2.4,11.1,5.3,10.1,12.6,25.5,18.7,13.5,16.5,8.2,13,16.8,5.4,21.6,5,6,7.5,12.9,70.3,15.4,1.4,824,139,659,1934,2522,82.2,3.8,0,8.4,0,1.6,1.8,0,2.9,14.3,47.9,34.9,3.1,2.4,4,3.2,4.3,3.9,5.7,67.6,117915,6.4,4677,465,135,108,86,75,711,1106,777,405,299,136,216,139,19,0,0,0,0,33.4,120.1,2552,34.8,2125,32.5,Ashland (Green & Pink lines),40170,Ashland-Lake,1319.372093,954.9791667,1727.615023,Near West Side,28,27.1,4.5,16.5,6.2,6.1,21.9,59635
17031833000,69.7,4,22.8,0,3.5,0,0,0.3,7.8,2.6,5.3,3.6,34.5,23.1,16.7,3,2.1,1.1,0,93.5,2.2,4.4,0,2509,0,0.8,2.4,11.1,5.3,10.1,12.6,25.5,18.7,13.5,16.5,8.2,13,16.8,5.4,21.6,5,6,7.5,12.9,70.3,15.4,1.4,824,139,659,1934,2522,82.2,3.8,0,8.4,0,1.6,1.8,0,2.9,14.3,47.9,34.9,3.1,2.4,4,3.2,4.3,3.9,5.7,67.6,117915,6.4,4677,465,135,108,86,75,711,1106,777,405,299,136,216,139,19,0,0,0,0,33.4,120.1,2552,34.8,2125,32.5,Morgan (Green & Pink lines),41510,Morgan-Lake,2735.953488,1979.020833,2929.769953,Near West Side,28,27.1,4.5,16.5,6.2,6.1,21.9,59635
17031838100,63.5,15.3,15.3,0,6,0,0,0,7.2,1.9,1.6,13,4,23.1,39,7.3,0,3.1,0,81.4,18.4,0.1,0,666,0,3.9,1.2,13.7,3.5,6.9,29.4,17.3,0,24.2,14.9,9.9,11.7,19.1,3.5,25.5,1.1,1.4,13.1,17.8,48.6,15.5,18,369,0,196,392,1082,36.4,55.1,0,4.4,0,4,5.5,20.1,21.9,14.8,17.6,25.6,23.1,17.9,5.5,6.7,7.7,9.3,3.9,22.9,27414,37.2,1501,1,0,89,0,58,185,207,60,38,68,42,250,183,136,101,39,30,14,55,147.7,895,55.6,606,53.3,Illinois Medical District (Blue Line),40810,Medical Center,629.0465116,509.7083333,1464.061033,Near West Side,28,27.1,4.5,16.5,6.2,6.1,21.9,59635
17031838200,56,27.5,11.3,1.9,3.4,0,1,2.7,6.6,2,8.5,4.1,7.4,10.8,32.8,15,5.3,3.8,0,70.8,27.4,1.9,0,560,3.9,0.5,5.9,1.4,3.6,9.1,23.2,15,7.5,29.8,17.3,8.6,11.6,19.6,1.3,12.9,13.8,10,5,22.8,33.4,36.7,7,217,32,139,493,539,47.8,26.8,0,17.4,0,2,19.4,3.1,15.6,21.5,32.9,26.9,12.5,9.2,6.7,3.8,3.1,8.9,1.3,15.1,27563,11.9,1834,30,89,50,269,455,413,63,38,124,85,37,59,11,20,50,27,14,0,25.2,91.8,878,24.8,956,25.3,Polk (Pink Line),41030,Polk,685.1860465,530.7083333,2168.525822,Near West Side,28,27.1,4.5,16.5,6.2,6.1,21.9,59635
17031841900,66.9,8.6,17.9,1.3,5.3,0,0,1.6,5.2,0.3,7.5,4.6,10.7,24.8,31.6,8.5,2.1,3,0,85.1,12.2,2.7,0,1806,1.7,0.4,3,2.4,4.4,11.1,3.6,18.9,17.4,36.9,17.1,13.2,22.4,17.6,3.2,11,7.8,4.7,3,19.3,44.2,36.5,0,795,79,288,1985,864,53.9,15.3,0.9,21.9,0.3,2.9,12,6.2,10,21.7,27.6,34.5,18.7,3.7,5.7,2.3,4.7,4.6,3.7,24.6,43460,16.6,5983,148,120,39,1499,1052,473,569,423,366,174,348,210,263,187,27,16,6,63,26.8,104.5,3057,28.7,2926,23.9,Clinton (Blue Line),40430,Clinton-Forest Park,682.7209302,596.0208333,1422.877934,Near West Side,28,27.1,4.5,16.5,6.2,6.1,21.9,59635
17031841900,66.9,8.6,17.9,1.3,5.3,0,0,1.6,5.2,0.3,7.5,4.6,10.7,24.8,31.6,8.5,2.1,3,0,85.1,12.2,2.7,0,1806,1.7,0.4,3,2.4,4.4,11.1,3.6,18.9,17.4,36.9,17.1,13.2,22.4,17.6,3.2,11,7.8,4.7,3,19.3,44.2,36.5,0,795,79,288,1985,864,53.9,15.3,0.9,21.9,0.3,2.9,12,6.2,10,21.7,27.6,34.5,18.7,3.7,5.7,2.3,4.7,4.6,3.7,24.6,43460,16.6,5983,148,120,39,1499,1052,473,569,423,366,174,348,210,263,187,27,16,6,63,26.8,104.5,3057,28.7,2926,23.9,UIC-Halsted (Blue Line),40350,UIC-Halsted,1098.976744,825.6458333,2977.929577,Near West Side,28,27.1,4.5,16.5,6.2,6.1,21.9,59635
17031050100,66.9,11.3,20.3,1.2,0.3,0,0,0.6,2.3,1.9,3.6,0.3,24.8,28.3,22.9,10.3,4.5,0.5,0,89.2,6.9,4,0,1238,1,4,6.8,3.3,7.8,5,15.5,16.3,15.5,24.7,9.9,5.3,3.8,7.8,9,14.6,16.8,22.1,10.7,15,43,34.6,7.4,588,41,423,1320,1180,87.4,2.8,0,1.6,0,2.3,5.9,1.5,2,13.8,44.6,38,4.8,3.3,6.3,4.5,10,13.6,8.1,46.3,71422,4.3,2513,96,253,104,36,117,388,330,263,316,181,114,118,82,45,39,14,0,17,34.2,88.2,1178,37.2,1335,32,Irving Park (Brown Line),41460,Irving Park-Brown,1046.953488,664.0208333,1523.211268,North Center,5,18.1,0.9,5.5,3.2,3.4,34.3,77951
17031050600,78.9,9.3,9.6,0.7,1.5,0,0,0,1.9,0.7,7.8,1.8,20.3,34.9,20.8,8,1.5,2.2,0,88.1,6.3,5.6,0,1009,0,0,2.7,3.7,3.1,21.9,16.7,22.1,8,21.9,4.6,2.2,0.8,5.7,3.5,15.1,30.9,28.4,8.8,15.2,62.2,21.1,1.5,425,18,400,1380,836,87.7,0.7,0,4,0,2.9,7.3,0,8.1,4.7,55.2,31.9,5.3,2.6,7.1,5.5,6,10.3,3.4,56.6,82500,4.7,2232,125,136,96,16,128,293,430,223,232,93,97,110,76,68,38,35,12,24,33.8,133.5,1276,33.7,956,34.4,Addison (Brown Line),41440,Addison-Brown,684.1395349,470.6041667,1153.788732,North Center,5,18.1,0.9,5.5,3.2,3.4,34.3,77951
17031292400,19.8,40.5,22.5,0.7,16.5,0,0,0,0.8,0,24.4,0,10.7,36.8,14,6.7,1.4,5.1,0,93.1,5.1,1.8,0,749,8.1,14.3,13.9,0,0,6.1,22,6.4,0.8,28.3,17.4,0,13.5,2.4,5.5,5.6,6.1,5.9,43.7,16.1,48.5,2.2,33.2,393,83,236,564,1143,21.5,77.8,0,0.1,0,0.6,2.9,18.6,25.7,42.2,11.4,2.1,3.7,10.6,14.6,10.5,21.5,1.1,4,8.6,32075,36,1765,160,49,173,126,164,188,38,140,149,117,110,105,52,61,88,20,9,16,31.5,76.3,764,28.3,1001,40.6,Pulaski (Pink Line),40150,Pulaski-Cermak,499.1395349,388.0208333,730.3192488,North Lawndale,29,60.3,3.7,33.2,17.2,20.4,37.5,17708
17031292500,20.8,25.4,25.7,4,24.1,0,0,4,2.9,2.7,7.1,21.2,6,6.3,32.6,0,13.4,3.8,0,67.6,23.6,8.8,0,1129,4.7,0,13.1,4,5.6,13.2,11.8,1.7,2.8,43.1,0,0,3.5,28.7,3.4,9.3,8.4,10.5,36.2,16.5,36.3,30.8,16.4,806,38,274,1079,2350,6.3,78.4,0,0,0,7.7,17,14.6,28,34.8,16.8,5.8,13.7,14.7,13.4,14.1,11.1,4.5,4.7,11,26791,23.2,3461,200,136,300,214,136,301,221,125,404,233,186,93,363,126,135,93,128,67,40.8,61.4,1317,41,2144,40.8,Kostner (Pink Line),40600,Kostner,164,126.5416667,270.2441315,North Lawndale,29,60.3,3.7,33.2,17.2,20.4,37.5,17708
17031844700,28.5,20.5,24.7,5,21.3,0,0,3.7,17.8,0,14.1,10.2,12.5,7.2,25.5,5.2,1.7,2.1,0,84.4,12.3,3.3,0,730,16.8,0.5,4.5,7.1,12.7,8.1,0,17,0,33.2,6.8,10.1,2.3,6,0,22.1,24.5,9.2,18.9,14,65.5,11.5,9,412,98,185,497,1234,5.7,76.8,0,0,0,8.9,20.6,14.4,25.5,34.9,21.3,3.8,18.8,7,7.1,13.9,7.9,12.9,3.2,9,30102,25.6,1753,77,63,88,79,255,154,102,234,141,135,100,106,82,56,9,30,4,38,35.8,99.7,875,26.9,878,36.7,Central Park (Pink Line),40780,Central Park,445.0232558,344.4583333,686.5868545,North Lawndale,29,60.3,3.7,33.2,17.2,20.4,37.5,17708
17031844700,28.5,20.5,24.7,5,21.3,0,0,3.7,17.8,0,14.1,10.2,12.5,7.2,25.5,5.2,1.7,2.1,0,84.4,12.3,3.3,0,730,16.8,0.5,4.5,7.1,12.7,8.1,0,17,0,33.2,6.8,10.1,2.3,6,0,22.1,24.5,9.2,18.9,14,65.5,11.5,9,412,98,185,497,1234,5.7,76.8,0,0,0,8.9,20.6,14.4,25.5,34.9,21.3,3.8,18.8,7,7.1,13.9,7.9,12.9,3.2,9,30102,25.6,1753,77,63,88,79,255,154,102,234,141,135,100,106,82,56,9,30,4,38,35.8,99.7,875,26.9,878,36.7,Kedzie (Pink Line),41040,Kedzie-Cermak,614.7674419,460.7291667,716.3755869,North Lawndale,29,60.3,3.7,33.2,17.2,20.4,37.5,17708
17031100500,50.9,16.8,15.3,8.5,8.4,0,0,8.2,14.1,3,4.1,2.8,9.3,7.9,26.9,6.4,3.8,13.6,0,73.8,21.4,4.8,0,2595,2.6,8.2,7.2,5.2,9.1,16.4,9.2,19.1,8.5,14.5,2.6,11,9,12.9,4.8,19.5,12.8,10.4,17.1,2.8,13.7,56.2,27.2,1929,264,342,5249,473,75.3,0.8,0,10.2,0,2.7,11.9,7.5,22.9,18.5,27.3,23.8,6.3,3.3,6.7,6.5,9.1,8.6,7.3,40.1,69002,1.3,5814,431,422,262,257,134,347,245,289,582,411,125,538,455,534,329,215,188,50,44.5,98.9,2891,43.4,2923,46.6,Harlem (Blue Line - O'Hare Branch),40750,Harlem-O'Hare,782.9302326,588.3958333,1547.816901,Norwood Park,10,31.3,1.2,8.2,4.3,7.3,41,45474
17031760801,52,13.2,12.5,3.2,19.1,0,0,0,7.4,0,3.9,29.3,7.2,22.7,13.9,3.2,6.6,5.8,0,79.4,14.3,5.7,0.6,2255,9.4,2.4,2.7,6.7,3.8,19.2,7.2,7.2,13,28.4,9.4,8.6,11.4,8.8,13.1,25.5,2.9,7,13.3,10.4,65.1,16.7,7.8,1406,103,592,780,3840,45.8,5.2,0,38.9,0,5.6,8.9,8,14.9,17.5,34,25.7,11.2,6.7,4.6,5.1,5.7,15.9,7.6,28.9,55924,10.4,4718,456,271,141,121,390,599,803,271,347,221,339,91,281,201,82,56,30,18,32.2,117.5,2549,31.9,2169,33.2,Cumberland (Blue Line),40230,Cumberland,1177.395349,882,1855.981221,O'Hare,76,32.7,3.1,10.4,3.8,8.3,32.8,35715
17031980000,0,0,0,0,0,0,0,0,0,0,0,0,0,0,0,0,0,0,0,0,0,0,0,0,0,0,0,0,0,0,0,0,0,0,0,0,0,0,0,0,0,0,0,0,0,0,0,0,0,0,0,0,0,0,0,0,0,0,0,0,0,0,0,0,0,0,0,0,0,0,0,0,0,0,0,0,0,0,0,0,0,0,0,0,0,0,0,0,0,0,0,0,0,0,0,0,0,0,0,O'Hare (Blue Line),40890,O'Hare Airport,6653.395349,6998.791667,7965.107981,O'Hare,76,32.7,3.1,10.4,3.8,8.3,32.8,35715
17031010202,43.9,23.1,21.9,1.9,9.2,0,0,1.9,3.3,2.1,12,7.5,5.7,13.7,33.6,11.1,5.4,3.7,0,85.7,9.7,4.6,0,1179,0.4,0,4.2,5.5,6.6,14.5,19.2,18.1,0,31.6,1,9.3,12.7,15.1,4.5,11.7,6.3,15.8,23.6,22.7,60.1,12.2,4.9,632,36,457,699,1849,31.1,33,3,10.9,0,12.3,19.4,13.3,17.5,22.9,31.3,15,16.4,7.3,13.8,9.7,14.1,6.4,3.4,18.3,29590,23.8,2865,173,98,211,80,240,278,134,232,136,224,263,245,166,133,87,35,39,91,39.5,79.3,1267,43.2,1598,36.4,"Howard (Red, Purple & Yellow lines)",40900,Howard,2299.674419,1890.125,2928.774648,Rogers Park,1,40.9,6.4,19.8,4.6,11.7,26.7,29682
17031010300,50.7,18.6,20.1,2.4,8.3,0,0.9,3.5,3.4,0.4,6.7,7,9.1,16.3,33.8,12.8,3.9,2.3,0,88.1,8.1,3.8,0,2791,3.6,0,4,2.1,15.3,15.6,4.7,18.6,8.5,27.6,0.9,1.5,16.3,6.7,5.9,7.3,28.5,21.6,11.1,20.9,36.7,41.1,1.3,1568,335,754,1981,3279,53.6,23.6,1.2,5.4,0,11.3,16.9,10,15.8,22.5,33.6,18.2,13.6,10.1,13.9,4.3,12.2,10.7,6.1,21.6,37530,6.5,6237,263,175,81,100,470,511,618,426,125,508,476,661,305,379,423,288,289,139,48.2,102,3150,49,3087,46.9,Jarvis (Red Line),41190,Jarvis,792.6046512,619.3333333,919.9671362,Rogers Park,1,40.9,6.4,19.8,4.6,11.7,26.7,29682
17031010503,47.5,19.9,24.7,0,7.8,0,0,0,4.3,0.6,14.7,0.8,9.1,19,24,18.5,7.9,1,0,83,9.1,7.8,0,883,1.2,0,1.8,2.2,6.5,14.6,6.2,8.2,3.6,55.7,5.8,8,7.4,18.1,0.9,10.3,16.4,22,11.1,37.4,35.7,26.9,0,360,49,351,394,2001,73.7,15.8,0,5.7,0,0,1.2,15.1,22.9,23,18.6,20.5,34.9,22.1,8,7.9,4.8,5.2,4.1,5.5,12856,51.9,2417,52,56,67,48,901,90,92,52,40,120,46,103,156,228,177,128,38,23,29.7,75.1,1037,55.7,1380,22.2,Loyola (Red Line),41300,Loyola,2606.581395,1817.541667,2862.544601,Rogers Park,1,40.9,6.4,19.8,4.6,11.7,26.7,29682
17031010600,58.6,14.9,18.1,2.7,5.7,0,0,1.9,1.1,0.4,12.4,3.4,10.1,16,36.6,12.1,5.2,0.7,0,85.3,7.3,7.4,0,2902,3.1,0.8,1.5,3.7,7.1,18.5,13.1,9.8,4.3,38.2,4.8,9.1,2.7,3.8,12.6,19.9,12.2,11.9,23.1,34.6,47.8,17.6,0,1199,173,1058,2802,3391,58.4,20.1,0.6,3.7,0,8.7,14,5.5,12.2,16.1,41.3,24.8,12.4,8.4,10.6,13.4,13.9,10.7,6.3,17.2,36243,14.7,6379,183,384,106,547,468,813,271,646,469,465,646,438,345,149,242,69,108,30,39.1,88.6,2997,42.3,3382,35.4,Morse (Red Line),40100,Morse,1814.186047,1459.375,2250.58216,Rogers Park,1,40.9,6.4,19.8,4.6,11.7,26.7,29682
17031834000,19.2,26.7,41.6,2.5,10,0,0,1.4,7.3,2.6,13.3,12.1,11.2,0.9,28.8,9.9,8.8,3.7,0,83.1,15.5,1.3,0,1011,2.9,0,0,18.1,4.5,12.4,18.4,10.3,4.8,28.6,0,11,13.5,20.2,2.9,5.4,3.8,12.9,30.5,25.4,38.7,35.6,0.4,602,50,344,514,2739,0,93,0,0,0,1.1,0,14.1,27.7,40.3,12.3,5.6,13.9,19,13.1,6.9,11.3,12,1.6,6.5,23650,22,3274,388,239,214,269,233,314,243,155,108,181,199,215,159,114,98,17,55,73,29.9,78.4,1439,28,1835,33.3,95th/Dan Ryan (Red Line),40450,95th/Dan Ryan,2912.883721,2404.833333,4499.159624,Roseland,49,52.9,2.2,22.1,19,13.8,39.8,20782
17031840700,38.7,23.3,18.9,6.5,12.6,0,0,0.4,13.5,1,12.3,4.5,5.8,18.5,22.6,16.8,4.1,0.5,0,85.2,10,3.4,1.4,2152,3.5,4.6,3.1,19.3,7.8,10,2,18.1,9.3,22.3,8.6,4.4,17.3,16.4,4.2,23.3,1.8,10.5,13.5,8.2,36.1,27.8,27.9,927,132,737,2565,1335,30.4,3.7,2.3,3,0,46.8,75.6,25.2,10,28.6,26.6,9.6,11.8,4,11.7,16.1,22.7,11.3,3.5,10,37514,6.4,3930,91,97,224,305,314,455,418,200,296,402,262,286,220,74,90,56,70,70,38.4,130.5,2225,36.4,1705,39.7,California (Pink Line),40440,California-Cermak,719.2093023,530.3125,995.8403756,South Lawndale,30,66.7,9.2,19.8,8.8,41.1,34,14234
17031031200,41.2,33.4,14.5,2.6,8.3,0,0,4.3,2.8,0.4,8.3,6.2,5.8,23.1,19,21.1,6.6,2.4,0,91.2,4.6,4.1,0,2726,0.6,0.8,2.7,4.7,7.8,17.2,8.1,11.6,2.2,44.4,11.2,4.7,2.3,5.7,3.2,30.7,14.2,17.8,10.2,43.4,49.2,5.4,1.9,941,201,1218,838,4774,33.7,39.1,0.3,11.8,0,8.1,23,24.6,18.5,20.1,24.8,11.9,15.9,15.4,20.2,6.2,5.9,10.9,3.8,10.2,18916,36,5936,230,186,365,184,307,599,399,712,459,203,352,860,618,130,11,170,82,69,39.9,98.5,2946,39.5,2990,40.7,Argyle (Red Line),41200,Argyle,2296.790698,1667.8125,2448.164319,Uptown,3,32.4,4.4,19,3.3,9.8,24.4,42112
17031031200,41.2,33.4,14.5,2.6,8.3,0,0,4.3,2.8,0.4,8.3,6.2,5.8,23.1,19,21.1,6.6,2.4,0,91.2,4.6,4.1,0,2726,0.6,0.8,2.7,4.7,7.8,17.2,8.1,11.6,2.2,44.4,11.2,4.7,2.3,5.7,3.2,30.7,14.2,17.8,10.2,43.4,49.2,5.4,1.9,941,201,1218,838,4774,33.7,39.1,0.3,11.8,0,8.1,23,24.6,18.5,20.1,24.8,11.9,15.9,15.4,20.2,6.2,5.9,10.9,3.8,10.2,18916,36,5936,230,186,365,184,307,599,399,712,459,203,352,860,618,130,11,170,82,69,39.9,98.5,2946,39.5,2990,40.7,Lawrence (Red Line),40770,Lawrence,0,0,0,Uptown,3,32.4,4.4,19,3.3,9.8,24.4,42112
17031830700,55.2,12.9,18,3.3,10.6,0,0,1.6,5.7,2.6,5.6,8.2,12.5,17.2,24.8,8.7,8,5.1,0,83.6,9.6,6.8,0,1925,3.8,2.9,0.6,7.7,3.2,7,17.1,23.3,12,22.3,3.1,5.5,5.8,14.2,4.3,18.5,19.2,14.4,15,30.1,47.5,14.3,8.1,806,35,848,955,2965,43.7,39.7,0.4,8.9,0.2,1.9,13.2,10.2,13.7,28.9,32,15.2,14.1,6.7,8.2,6.2,9.8,9.3,3.5,25.7,46216,24.5,4249,224,143,165,259,238,660,451,326,292,348,338,339,181,137,76,22,50,0,34.5,146.6,2526,36.3,1723,33.7,Wilson (Red & Purple lines),40540,Wilson,3886.023256,2946.625,4912.258216,Uptown,3,32.4,4.4,19,3.3,9.8,24.4,42112
17031400300,32.5,28.6,18,14.7,6.2,0,2.6,12.3,0,1.5,2.5,9,3.1,15.8,40.8,0,2.8,9.6,0,82.2,15.2,2.6,0,482,0,0,0,3.5,10.4,6.8,12.4,29.7,9.8,27.4,4.8,4.6,11.4,40.7,0,11.8,11.6,0,15.1,11.6,54.7,28.6,5.1,282,0,177,244,1099,3.7,91.6,0,0,0,2.7,6.6,6.5,23.5,36.1,20.8,13,9.5,12.7,17.1,6,9.5,6.3,5.9,23.3,34821,12,1361,91,120,50,38,30,100,107,126,225,169,65,30,105,52,42,0,11,0,40.4,82.7,616,42.1,745,40.2,Garfield (Green Line),40510,Garfield-South Elevated,407.5581395,322.4166667,619.1643192,Washington Park,40,61.3,2.3,41.8,17.9,16.5,39.4,16193
17031671100,23.3,26,37,0,13.7,0,0,0,8.9,0,20.5,4.8,8.2,4.8,20.5,17.1,0,15.1,0,66.4,33.6,0,0,146,8.2,13,11,0,6.2,8.2,15.1,0,0,38.4,0,11,0,0,4.1,33.6,17.8,4.8,28.8,24.7,37.7,37.7,0,80,22,44,336,579,0,100,0,0,0,0,0,2.9,70.4,21.5,4.2,1,16,19.4,15.4,5,5.4,3.7,1.6,0.8,12273,63.2,915,48,85,46,106,16,12,31,43,68,59,22,104,82,33,97,15,48,0,45.4,64.3,358,44.7,557,49.3,Ashland/63rd (Green Line),40290,Ashland/63rd,322.8139535,274.6458333,506.3943662,West Englewood,67,64.1,2.5,29.9,24.5,19.5,43,17441
17031260100,36.4,26.4,24.8,0,12.4,0,0,5.5,1.8,7.6,2.7,11.8,9.1,9.1,19.7,13.3,19.4,0,0,84.8,15.2,0,0,297,16.8,5.4,0,0,0,9.4,5.1,23.6,4.4,35.4,0,9.1,20.2,6.1,3,16.2,1,22.9,21.5,77.6,17,2.7,2.7,47,17,172,301,715,2.2,91.3,0,0.3,0,5.3,5.3,27.6,30.6,30.8,9.1,1.9,15.8,23.4,17.2,16.5,5.7,7,2.9,4.4,20474,32,1016,46,18,33,17,19,70,144,68,46,54,14,79,146,90,60,59,23,30,49.6,105.7,522,46.8,494,49.8,Pulaski (Green Line),40030,Pulaski-Lake,586.6511628,453.5416667,844.8262911,West Garfield Park,26,71.6,6.1,34.8,24.1,25.3,38.4,14760
17031260700,33.9,23.9,17.9,0,24.3,0,2.4,0,11.2,1.8,25.9,3.2,4,19.9,30.5,1,0,0,0,92.4,7.6,0,0,477,7.8,10.7,3.1,14.3,16.4,13.8,5.7,8,2.5,17.8,0,6.7,11.7,3.8,4.4,23.7,20.1,19.3,10.3,8.4,31.5,46.6,13.5,332,0,120,600,924,0.9,96.3,0,0,0,2.8,2.8,31.8,39.6,17.9,6.9,3.7,11.4,9.1,16.2,6.1,9.6,3,3.4,13.3,22342,26.7,1524,18,15,89,92,106,147,104,105,221,44,151,57,84,85,40,61,72,33,42.8,119.3,829,41.1,695,44.6,Pulaski (Blue Line),40920,Pulaski-Forest Park,523.3488372,438.5,691.2723005,West Garfield Park,26,71.6,6.1,34.8,24.1,25.3,38.4,14760
17031241400,78.9,4.7,12.9,1.8,1.8,0,0,4.8,5.3,5.6,3.5,1.6,13.3,39.2,17,7.1,0.8,2.1,0,93.8,4.4,1.8,0,2757,0,1.3,4.6,1.5,5.5,15.2,17.7,23.8,13.5,16.9,6.2,8.2,12.8,19.6,8.9,20.6,7.9,3.8,12.1,12.7,52.9,33.6,0.8,1328,159,1015,1661,3577,78.2,6.1,0,6.8,0,2.8,7.1,4.3,4.3,7.6,52.5,31.2,6.3,3.3,6.1,5.8,8.2,7.2,9.1,53,83986,5.4,5584,439,91,124,7,304,1729,1401,402,354,125,81,161,48,25,65,87,41,100,30.4,121.2,3060,30.2,2524,30.6,Damen (Blue Line),40590,Damen/Milwaukee,2677.325581,1912.520833,3139.014085,West Town,24,14.8,1.3,8.8,3.2,5.8,19.4,68188
17031242000,74.5,3.7,18.5,0.4,3,0,0,2.6,5.6,3.3,6.6,4.3,14.7,27.3,23.5,7.1,2.7,2.3,0,86.4,12.9,0.7,0,2396,2.2,1,1.8,7.9,6.3,16.4,13,9.6,13.9,27.9,0,12.2,17.5,15.9,6.6,21.9,5,9.7,11.3,16.8,48.7,26.5,8,953,146,1030,1349,2904,54.7,23,0,11.8,0,7.5,9.6,5.9,9,11.7,44,29.4,3.7,3,5.2,9.6,10.1,10.8,7.3,45.8,71791,5.5,4378,205,90,0,79,128,1065,1001,547,231,187,47,96,64,330,70,117,90,31,33.3,72.6,1841,33.8,2537,31.8,Division (Blue Line),40320,Division/Milwaukee,2280.790698,1637.25,3242.370892,West Town,24,14.8,1.3,8.8,3.2,5.8,19.4,68188
17031243500,78.3,5.6,13.8,0,2.3,0,0,1.8,5.9,0.5,3.4,2.8,19.1,42.2,15.5,6.6,0.6,1.5,0,89,5.5,5.5,0,2528,0.7,0.4,0.4,3,2.7,15.9,14.2,25.7,18.8,18.3,6.7,14.9,20.6,22,8.6,13.1,6.1,3.4,4.5,15.2,49.2,33,2.6,874,62,839,2012,2458,65.4,14,0,5.9,0,1,13.5,0.2,6.8,11.3,53.6,28.1,3.6,1,3.8,3,5.7,10.5,4.3,57.1,94152,7.4,4567,238,39,116,174,347,936,897,643,362,197,177,133,216,34,13,45,0,0,32.3,103.2,2320,33.4,2247,30.6,Chicago (Blue Line),41410,Chicago/Milwaukee,1329.046512,958.0208333,2118.286385,West Town,24,14.8,1.3,8.8,3.2,5.8,19.4,68188
17031842300,69.8,5.4,17.5,3.7,3.2,0.5,0,1,3.3,2,6.3,2.5,20.5,33.2,19.5,5.7,2,3.7,0.5,89.5,7.3,3.2,0,2023,6.6,0,1.7,4.8,5.6,14.6,12.9,15.3,23.4,14.9,3.4,10.5,20.2,23.9,4.5,11.1,11.5,10.9,4,10.6,63,21.7,4.7,931,61,541,1920,1591,68.6,14.3,0,7.2,0,2.9,7.2,2.7,5.6,14.3,50.5,26.8,3.5,2,3.8,2.3,9.1,14.7,2.4,54.1,81909,10.7,3672,204,85,12,12,191,745,742,631,244,171,131,173,133,120,24,22,9,23,34,131.2,2084,34.4,1588,33.4,Grand (Blue Line),40490,Grand/Milwaukee,1287.976744,979.5208333,1719.516432,West Town,24,14.8,1.3,8.8,3.2,5.8,19.4,68188
17031420700,30.1,21,23.8,0,25.2,0,0,0,6.2,0,12.2,25.7,9.5,10.5,26.2,5.5,4,0,0,72.4,23.6,4,0,844,12.1,0,4.6,5.5,0,29.1,7.1,6.8,5.3,29.5,5.2,6.3,10.1,6,3.9,18.4,10.3,16.6,23.2,24.2,60.2,12.3,3.3,506,64,227,622,1614,0.1,93.5,0.9,0,0,3.3,2.3,21,28.5,36.7,6.6,7.4,23.8,10.1,19.6,11.9,6.5,5.1,0,8.3,20248,41.1,2274,135,176,119,101,125,196,311,86,135,232,143,169,137,90,22,80,17,0,34.6,78.6,1001,38.8,1273,32.9,King Drive (Green Line),41140,King Drive,160.8139535,131.125,239.5680751,Woodlawn,42,53.1,4,31.1,15.9,12.7,33.8,22457
17031420800,32.9,30.2,17.5,5.7,13.8,0,0,5.7,4.3,2.4,5.1,9.2,19.3,9.7,27.2,9,4.5,3.7,0,88.3,11.7,0,0,976,12.1,3.1,2.8,6.3,7.7,19.1,10.8,9.8,7.9,20.6,5.5,9.7,11.8,13.2,0.7,16.5,17.1,14.5,10.9,12.5,49,32.9,5.7,568,43,241,628,1685,4,88,0,0,0,0,0,10.3,30.1,34.9,15.9,8.8,21.8,9.8,15.9,8.7,14.1,3.4,4.7,10.4,22305,19.6,2322,171,91,120,65,199,253,293,122,96,114,318,125,55,166,54,44,28,8,33.1,62.5,893,31.3,1429,42.1,Cottage Grove (Green Line),40720,East 63rd-Cottage Grove,397.6976744,337.0416667,538.5539906,Woodlawn,42,53.1,4,31.1,15.9,12.7,33.8,22457
